timestamp,method_name,method,angle,surface,peak_variables,variable,n,mean,std,median,q1,q3,min,max,iqr
2026-03-07 20:48:17,z_0_Plexi,z,0,Plexi,force_z,Fx,10,0.053349140486069854,1.908483567183794,-0.3556609365737996,-0.7483698873740368,0.04445761707172495,-2.045050385299348,5.453467694131594,0.7928275044457617
2026-03-07 20:48:17,z_0_Plexi,z,0,Plexi,force_z,Fy,10,-0.2555461948890761,0.3724333819840737,-0.3510249929795002,-0.5195169896096602,-0.09126649817467003,-0.7020499859590003,0.4773939904521202,0.42825049143499017
2026-03-07 20:48:17,z_0_Plexi,z,0,Plexi,force_z,Fz,10,51.45,5.526165035537756,49.099999999999994,47.725,54.95,46.0,61.8,7.225000000000001
2026-03-07 20:48:17,z_0_Plexi,z,0,Plexi,force_z,F_total,10,51.48475105111341,5.5507274607582096,49.12311532277043,47.73094865876491,55.14754355462174,46.00171821883872,61.811572404564274,7.416594895856832
2026-03-07 20:48:17,z_0_Plexi,z,0,Plexi,force_z,Tx,10,6.203703703703704,4.3557606559167565,5.902777777777778,2.539351851851852,9.766203703703702,-0.1388888888888889,14.24074074074074,7.22685185185185
2026-03-07 20:48:17,z_0_Plexi,z,0,Plexi,force_z,Ty,10,2.7214285714285715,3.749266594948937,1.592857142857143,0.8089285714285714,2.539285714285714,-1.0857142857142856,12.707142857142857,1.7303571428571427
2026-03-07 20:48:17,z_0_Plexi,z,0,Plexi,force_z,Tz,10,0.019171597633136094,0.03004985179100425,0.01893491124260355,-0.006804733727810651,0.03431952662721893,-0.023668639053254437,0.07692307692307693,0.041124260355029585
2026-03-07 20:48:17,z_0_Plexi,z,0,Plexi,force_z,peak_signal,10,51.45,5.526165035537756,49.099999999999994,47.725,54.95,46.0,61.8,7.225000000000001
2026-03-07 20:53:26,yaw_0_Plexi,yaw,0,Plexi,torque_z,Fx,10,0.8654416123295793,0.15216950388848174,0.9336099585062241,0.7409602845287492,1.0002963841138115,0.5927682276229994,1.0373443983402488,0.2593360995850623
2026-03-07 20:53:26,yaw_0_Plexi,yaw,0,Plexi,torque_z,Fy,10,0.4493119910137602,0.10125108889255796,0.4212299915754002,0.3720864925582702,0.49845549003089024,0.30890199382196015,0.6458859870822803,0.12636899747262004
2026-03-07 20:53:26,yaw_0_Plexi,yaw,0,Plexi,torque_z,Fz,10,-11.74,4.015021793216071,-13.3,-15.55,-7.225,-16.4,-6.3,8.325000000000001
2026-03-07 20:53:26,yaw_0_Plexi,yaw,0,Plexi,torque_z,F_total,10,11.783969032816634,4.008784307512013,13.338295187858835,7.275980835924701,15.584309756667945,6.343757201922853,16.445462964266987,8.308328920743245
2026-03-07 20:53:26,yaw_0_Plexi,yaw,0,Plexi,torque_z,Tx,10,3.3472222222222223,0.5726722729763853,3.2916666666666665,2.974537037037037,3.5972222222222223,2.388888888888889,4.435185185185185,0.6226851851851851
2026-03-07 20:53:26,yaw_0_Plexi,yaw,0,Plexi,torque_z,Ty,10,0.3828571428571429,0.7849034777523635,0.21785714285714286,0.05714285714285715,0.2839285714285714,-0.2642857142857143,2.657142857142857,0.22678571428571426
2026-03-07 20:53:26,yaw_0_Plexi,yaw,0,Plexi,torque_z,Tz,10,-0.9820118343195267,0.0507078151582092,-0.993491124260355,-1.0162721893491122,-0.9355029585798816,-1.0686390532544379,-0.9029585798816568,0.0807692307692306
2026-03-07 20:53:26,yaw_0_Plexi,yaw,0,Plexi,torque_z,peak_signal,10,0.9820118343195267,0.0507078151582092,0.993491124260355,0.9355029585798816,1.0162721893491122,0.9029585798816568,1.0686390532544379,0.0807692307692306
2026-03-07 20:56:11,roll_pitch_0_Plexi,roll_pitch,0,Plexi,torque_x|torque_y,Fx,10,5.726141078838174,3.903206615763542,7.631890930646117,1.8598103141671605,8.528452874925904,-0.3260225251926497,9.42501481920569,6.668642560758744
2026-03-07 20:56:11,roll_pitch_0_Plexi,roll_pitch,0,Plexi,torque_x|torque_y,Fy,10,-1.4377983712440325,0.7122870592524657,-1.3198539736029207,-1.9587194608256109,-1.1303004773939904,-2.7520359449592813,-0.14040999719180006,0.8284189834316205
2026-03-07 20:56:11,roll_pitch_0_Plexi,roll_pitch,0,Plexi,torque_x|torque_y,Fz,10,41.33,6.046660235204224,41.349999999999994,39.1,45.325,27.0,50.5,6.225000000000001
2026-03-07 20:56:11,roll_pitch_0_Plexi,roll_pitch,0,Plexi,torque_x|torque_y,F_total,10,41.91456621197561,6.204713515799201,41.855698382709335,39.42648131598959,45.96023976564225,27.084365452535323,51.22278945684018,6.533758449652659
2026-03-07 20:56:11,roll_pitch_0_Plexi,roll_pitch,0,Plexi,torque_x|torque_y,Tx,10,20.95277777777778,2.9589656195574334,19.625,19.041666666666668,23.38888888888889,17.25,26.99074074074074,4.347222222222221
2026-03-07 20:56:11,roll_pitch_0_Plexi,roll_pitch,0,Plexi,torque_x|torque_y,Ty,10,0.25999999999999995,2.1361399480256487,-0.7607142857142857,-1.1071428571428572,1.0964285714285715,-1.8642857142857143,4.3,2.2035714285714287
2026-03-07 20:56:11,roll_pitch_0_Plexi,roll_pitch,0,Plexi,torque_x|torque_y,Tz,10,-1.075621301775148,0.6409783517680717,-1.3035502958579883,-1.485207100591716,-1.0511834319526627,-1.7585798816568048,0.13727810650887573,0.4340236686390533
2026-03-07 20:56:11,roll_pitch_0_Plexi,roll_pitch,0,Plexi,torque_x|torque_y,peak_signal,10,20.95277777777778,2.9589656195574334,19.625,19.041666666666668,23.38888888888889,17.25,26.99074074074074,4.347222222222221
2026-03-07 21:20:10,xy_0_Plexi,xy,0,Plexi,force_x|force_y,Fx,10,-0.47421458209839906,10.096384761824371,-4.90515708358032,-9.795494961470064,9.877000592768228,-10.52163604030824,13.278008298755186,19.672495554238292
2026-03-07 21:20:10,xy_0_Plexi,xy,0,Plexi,force_x|force_y,Fy,10,1.0025273799494525,3.0470729317637777,0.33698399326032014,-0.4493119910137602,0.6458859870822803,-1.0390339792193204,9.941027801179445,1.0951979780960404
2026-03-07 21:20:10,xy_0_Plexi,xy,0,Plexi,force_x|force_y,Fz,10,-9.14,10.113179519814725,-8.0,-16.625,-3.85,-25.4,11.5,12.775
2026-03-07 21:20:10,xy_0_Plexi,xy,0,Plexi,force_x|force_y,F_total,10,16.46224919325747,5.2212958953504724,14.212944062522256,13.462507051760273,19.531475966059784,10.246146126048792,27.301598233537064,6.068968914299511
2026-03-07 21:20:10,xy_0_Plexi,xy,0,Plexi,force_x|force_y,Tx,10,-2.526851851851851,7.117167379095253,-0.5324074074074074,-2.189814814814815,0.9722222222222222,-22.564814814814813,4.833333333333333,3.162037037037037
2026-03-07 21:20:10,xy_0_Plexi,xy,0,Plexi,force_x|force_y,Ty,10,-0.462142857142857,11.525750252263451,-5.285714285714286,-11.5125,10.31607142857143,-11.942857142857143,16.214285714285715,21.82857142857143
2026-03-07 21:20:10,xy_0_Plexi,xy,0,Plexi,force_x|force_y,Tz,10,0.03455621301775148,0.19279759174495584,-0.01893491124260355,-0.06745562130177515,0.05029585798816568,-0.18461538461538463,0.5183431952662721,0.11775147928994084
2026-03-07 21:20:10,xy_0_Plexi,xy,0,Plexi,force_x|force_y,peak_signal,10,10.510996674605199,1.2474380475672207,9.964586218313492,9.647302904564315,10.469768820391227,9.54356846473029,13.278008298755186,0.8224659158269123
2026-03-08 13:27:47,z_0_Wood,z,0,Wood,force_z,Fx,5,-1.066982809721399,0.19749058979202944,-1.066982809721399,-1.1855364552459988,-1.007705986959099,-1.3337285121517486,-0.7409602845287492,0.17783046828689986
2026-03-08 13:27:47,z_0_Wood,z,0,Wood,force_z,Fy,5,-0.050547598989048016,0.11288824061916192,-0.05616399887672002,-0.11232799775344005,0.05616399887672002,-0.2246559955068801,0.08424599831508003,0.16849199663016007
2026-03-08 13:27:47,z_0_Wood,z,0,Wood,force_z,Fz,5,45.22,2.0232646885664765,45.7,43.8,46.9,42.1,47.6,3.1000000000000014
2026-03-08 13:27:47,z_0_Wood,z,0,Wood,force_z,F_total,5,45.233148495655094,2.0241123570460022,45.71248852021744,43.8203825762893,46.910858292626905,42.10711926099393,47.6148938281479,3.0904757163376075
2026-03-08 13:27:47,z_0_Wood,z,0,Wood,force_z,Tx,5,4.977777777777778,1.2935765118630964,5.435185185185185,5.333333333333333,5.787037037037037,2.425925925925926,5.907407407407407,0.45370370370370416
2026-03-08 13:27:47,z_0_Wood,z,0,Wood,force_z,Ty,5,1.0757142857142858,0.7149511186373627,1.4,1.2357142857142858,1.5,-0.3357142857142857,1.5785714285714285,0.26428571428571423
2026-03-08 13:27:47,z_0_Wood,z,0,Wood,force_z,Tz,5,0.054437869822485205,0.02018089822228848,0.054437869822485205,0.033136094674556214,0.07455621301775148,0.03076923076923077,0.07928994082840236,0.04142011834319526
2026-03-08 13:27:47,z_0_Wood,z,0,Wood,force_z,peak_signal,5,45.22,2.0232646885664765,45.7,43.8,46.9,42.1,47.6,3.1000000000000014
2026-03-08 13:28:37,yaw_0_Wood,yaw,0,Wood,torque_z,Fx,5,1.2151748666271485,0.1983781924206462,1.1558980438648487,1.1262596324836989,1.3040901007705987,0.948429164196799,1.5411973918197983,0.17783046828689986
2026-03-08 13:28:37,yaw_0_Wood,yaw,0,Wood,torque_z,Fy,5,0.5335579893288402,0.11372343011129787,0.5335579893288402,0.5054759898904803,0.6458859870822803,0.33698399326032014,0.6458859870822803,0.14040999719180003
2026-03-08 13:28:37,yaw_0_Wood,yaw,0,Wood,torque_z,Fz,5,-10.419999999999998,4.2144513284649525,-8.5,-13.6,-8.2,-16.8,-5.0,5.4
2026-03-08 13:28:37,yaw_0_Wood,yaw,0,Wood,torque_z,F_total,5,10.526691548172762,4.164178917850607,8.59311388637241,8.368539783550139,13.64346737480893,5.1782438338341645,16.850092862298165,5.274927591258791
2026-03-08 13:28:37,yaw_0_Wood,yaw,0,Wood,torque_z,Tx,5,3.7814814814814817,1.4173213205379989,2.675925925925926,2.611111111111111,5.37962962962963,2.5925925925925926,5.648148148148148,2.7685185185185186
2026-03-08 13:28:37,yaw_0_Wood,yaw,0,Wood,torque_z,Ty,5,-0.3742857142857143,0.8829403566885974,0.20714285714285716,-1.3642857142857143,0.29285714285714287,-1.5285714285714285,0.5214285714285715,1.6571428571428573
2026-03-08 13:28:37,yaw_0_Wood,yaw,0,Wood,torque_z,Tz,5,-1.0665088757396448,0.020407253770224763,-1.0662721893491125,-1.0875739644970415,-1.0437869822485206,-1.0911242603550295,-1.0437869822485206,0.043786982248520845
2026-03-08 13:28:37,yaw_0_Wood,yaw,0,Wood,torque_z,peak_signal,5,1.0665088757396448,0.020407253770224763,1.0662721893491125,1.0437869822485206,1.0875739644970415,1.0437869822485206,1.0911242603550295,0.043786982248520845
2026-03-08 13:29:58,roll_pitch_0_Wood,roll_pitch,0,Wood,torque_z,Fx,5,-5.3171310017783044,2.1083391796023485,-4.890337877889745,-5.3052756372258445,-4.682868998221695,-9.09899229401304,-2.6081802015411975,0.6224066390041498
2026-03-08 13:29:58,roll_pitch_0_Wood,roll_pitch,0,Wood,torque_z,Fy,5,-0.1741083965178321,1.8839987183639464,-0.8986239820275204,-0.9547879809042404,-0.2808199943836001,-2.134231957315361,3.3979219320415615,0.6739679865206403
2026-03-08 13:29:58,roll_pitch_0_Wood,roll_pitch,0,Wood,torque_z,Fz,5,26.78,12.190061525685586,20.5,19.8,26.6,16.7,50.3,6.800000000000001
2026-03-08 13:29:58,roll_pitch_0_Wood,roll_pitch,0,Wood,torque_z,F_total,5,27.621819394421426,11.793974496869913,20.687296199653318,20.41477233821132,27.125353628223685,19.319097655500315,50.562577150518464,6.710581290012364
2026-03-08 13:29:58,roll_pitch_0_Wood,roll_pitch,0,Wood,torque_z,Tx,5,1.4296296296296291,8.67141093634053,-1.7037037037037037,-4.648148148148148,2.287037037037037,-6.5092592592592595,17.72222222222222,6.935185185185185
2026-03-08 13:29:58,roll_pitch_0_Wood,roll_pitch,0,Wood,torque_z,Ty,5,-12.487142857142858,2.451885571788141,-10.885714285714286,-14.25,-10.85,-16.435714285714287,-10.014285714285714,3.4000000000000004
2026-03-08 13:29:58,roll_pitch_0_Wood,roll_pitch,0,Wood,torque_z,Tz,5,0.2447337278106509,1.3372034120627685,1.2733727810650888,-1.157396449704142,1.3124260355029587,-1.608284023668639,1.4035502958579882,2.469822485207101
2026-03-08 13:29:58,roll_pitch_0_Wood,roll_pitch,0,Wood,torque_z,peak_signal,5,1.3510059171597635,0.15096547472754923,1.3124260355029587,1.2733727810650888,1.4035502958579882,1.157396449704142,1.608284023668639,0.1301775147928994
2026-03-08 13:30:55,xy_0_Wood,xy,0,Wood,force_x|force_y,Fx,5,-0.1778304682868999,7.276456353163752,-2.133965619442798,-2.3117960877296975,-1.5115589804386484,-8.417308832246592,13.485477178423237,0.800237107291049
2026-03-08 13:30:55,xy_0_Wood,xy,0,Wood,force_x|force_y,Fy,5,5.206402695871946,4.577610542646831,8.480763830384724,1.4040999719180005,8.593091828138164,-1.8814939623701208,9.435551811288963,7.188991856220163
2026-03-08 13:30:55,xy_0_Wood,xy,0,Wood,force_x|force_y,Fz,5,-21.0,10.856334556377673,-22.0,-30.8,-16.9,-32.7,-2.6,13.900000000000002
2026-03-08 13:30:55,xy_0_Wood,xy,0,Wood,force_x|force_y,F_total,5,24.094920667374723,8.9069852407872,23.626429389522798,21.666554674449603,32.29572787745712,9.008390949989444,33.877500445454636,10.629173203007515
2026-03-08 13:30:55,xy_0_Wood,xy,0,Wood,force_x|force_y,Tx,5,-12.316666666666666,16.417817531885536,-23.333333333333332,-25.333333333333332,0.46296296296296297,-27.064814814814813,13.685185185185185,25.796296296296294
2026-03-08 13:30:55,xy_0_Wood,xy,0,Wood,force_x|force_y,Ty,5,-0.2028571428571425,11.668842693083079,-3.307142857142857,-3.5428571428571427,-2.7928571428571427,-13.185714285714285,21.814285714285713,0.75
2026-03-08 13:30:55,xy_0_Wood,xy,0,Wood,force_x|force_y,Tz,5,0.03431952662721894,0.20307085410442866,0.0485207100591716,-0.07455621301775148,0.05088757396449704,-0.23550295857988165,0.38224852071005916,0.1254437869822485
2026-03-08 13:30:55,xy_0_Wood,xy,0,Wood,force_x|force_y,peak_signal,5,9.682438696096336,1.936765731107764,8.593091828138164,8.480763830384724,9.435551811288963,8.417308832246592,13.485477178423237,0.9547879809042392
2026-03-08 13:32:43,roll_pitch_0_Wood,roll_pitch,0,Wood,torque_x|torque_y,Fx,5,-1.055127445168939,0.36376848826476016,-1.3040901007705987,-1.3040901007705987,-0.8298755186721991,-1.3930053349140485,-0.44457617071724953,0.4742145820983996
2026-03-08 13:32:43,roll_pitch_0_Wood,roll_pitch,0,Wood,torque_x|torque_y,Fy,5,-0.9491715810165683,0.9448914729486364,-0.6178039876439203,-1.1232799775344005,-0.2246559955068801,-2.695871946082561,-0.08424599831508003,0.8986239820275204
2026-03-08 13:32:43,roll_pitch_0_Wood,roll_pitch,0,Wood,torque_x|torque_y,Fz,5,9.46,9.397786973537972,4.9,4.2,8.4,2.0,27.8,4.2
2026-03-08 13:32:43,roll_pitch_0_Wood,roll_pitch,0,Wood,torque_x|torque_y,F_total,5,9.615186213203515,9.4019977722761,4.974853132787805,4.4257836878151995,8.57452091366378,2.139936853909092,27.9608364778417,4.148737225848581
2026-03-08 13:32:43,roll_pitch_0_Wood,roll_pitch,0,Wood,torque_x|torque_y,Tx,5,13.514814814814816,2.615104642420515,12.564814814814815,12.296296296296296,16.01851851851852,9.777777777777779,16.916666666666668,3.722222222222223
2026-03-08 13:32:43,roll_pitch_0_Wood,roll_pitch,0,Wood,torque_x|torque_y,Ty,5,0.8757142857142858,0.4192461650853535,0.8642857142857143,0.7714285714285715,1.05,0.2,1.4928571428571429,0.2785714285714286
2026-03-08 13:32:43,roll_pitch_0_Wood,roll_pitch,0,Wood,torque_x|torque_y,Tz,5,-0.04568047337278106,0.05195037128830844,-0.033136094674556214,-0.07928994082840236,-0.002366863905325444,-0.12781065088757396,0.014201183431952662,0.07692307692307691
2026-03-08 13:32:43,roll_pitch_0_Wood,roll_pitch,0,Wood,torque_x|torque_y,peak_signal,5,13.514814814814816,2.615104642420515,12.564814814814815,12.296296296296296,16.01851851851852,9.777777777777779,16.916666666666668,3.722222222222223
2026-03-08 14:48:24,z_0_Metal,z,0,Metal,force_z|force_total,Fx,5,0.8535862477771191,0.6075223699024994,0.8891523414344991,0.20746887966804978,1.3337285121517486,0.14819205690574985,1.6893894487255483,1.1262596324836989
2026-03-08 14:48:24,z_0_Metal,z,0,Metal,force_z|force_total,Fy,5,-1.4714967705700646,0.3706823925863521,-1.2917719741645606,-1.5445099691098005,-1.2075259758494805,-2.162313956753721,-1.1513619769727605,0.33698399326032
2026-03-08 14:48:24,z_0_Metal,z,0,Metal,force_z|force_total,Fz,5,46.220000000000006,4.1150455647538084,47.7,47.4,48.6,38.1,49.3,1.2000000000000028
2026-03-08 14:48:24,z_0_Metal,z,0,Metal,force_z|force_total,F_total,5,46.256410412821495,4.119089318637918,47.743631436965565,47.47936013002952,48.61407900740329,38.12218036417863,49.32280112553047,1.1347188773737713
2026-03-08 14:48:24,z_0_Metal,z,0,Metal,force_z|force_total,Tx,5,6.462962962962962,1.4990966644375692,6.814814814814815,5.2407407407407405,6.861111111111111,4.537037037037037,8.86111111111111,1.6203703703703702
2026-03-08 14:48:24,z_0_Metal,z,0,Metal,force_z|force_total,Ty,5,2.0385714285714287,1.6898653490616296,2.2071428571428573,2.1285714285714286,2.492857142857143,-0.9428571428571428,4.307142857142857,0.3642857142857143
2026-03-08 14:48:24,z_0_Metal,z,0,Metal,force_z|force_total,Tz,5,0.04733727810650888,0.02224096560631197,0.04260355029585799,0.029585798816568046,0.054437869822485205,0.023668639053254437,0.0863905325443787,0.02485207100591716
2026-03-08 14:48:24,z_0_Metal,z,0,Metal,force_z|force_total,peak_signal,5,46.256410412821495,4.119089318637918,47.743631436965565,47.47936013002952,48.61407900740329,38.12218036417863,49.32280112553047,1.1347188773737713
2026-03-08 15:20:59,yaw_0_Metal,yaw,0,Metal,torque_z,Fx,5,0.7350326022525192,0.11766113361754121,0.7409602845287492,0.6520450503852994,0.8298755186721991,0.5631298162418494,0.8891523414344991,0.17783046828689975
2026-03-08 15:20:59,yaw_0_Metal,yaw,0,Metal,torque_z,Fy,5,0.25835439483291217,0.05727626524675973,0.25273799494524013,0.19657399606852008,0.30890199382196015,0.19657399606852008,0.33698399326032014,0.11232799775344007
2026-03-08 15:20:59,yaw_0_Metal,yaw,0,Metal,torque_z,Fz,5,-9.680000000000001,2.213955735781544,-9.7,-11.2,-9.6,-12.2,-5.7,1.5999999999999996
2026-03-08 15:20:59,yaw_0_Metal,yaw,0,Metal,torque_z,F_total,5,9.713207956351056,2.209465055009228,9.73024478002374,9.644400882396345,11.232423367752027,5.73765399807746,12.2213167535057,1.5880224853556815
2026-03-08 15:20:59,yaw_0_Metal,yaw,0,Metal,torque_z,Tx,5,3.1574074074074074,0.21588176919694946,3.25,3.0833333333333335,3.2685185185185186,2.7777777777777777,3.4074074074074074,0.18518518518518512
2026-03-08 15:20:59,yaw_0_Metal,yaw,0,Metal,torque_z,Ty,5,0.41571428571428576,0.22091645849201244,0.4857142857142857,0.2714285714285714,0.5214285714285715,0.07857142857142857,0.7214285714285714,0.25000000000000006
2026-03-08 15:20:59,yaw_0_Metal,yaw,0,Metal,torque_z,Tz,5,-0.9292307692307693,0.01936493933167598,-0.9313609467455621,-0.9491124260355029,-0.9076923076923077,-0.9514792899408284,-0.906508875739645,0.041420118343195256
2026-03-08 15:20:59,yaw_0_Metal,yaw,0,Metal,torque_z,peak_signal,5,0.9292307692307693,0.01936493933167598,0.9313609467455621,0.9076923076923077,0.9491124260355029,0.906508875739645,0.9514792899408284,0.041420118343195256
2026-03-08 15:23:16,roll_pitch_0_Metal,roll_pitch,0,Metal,torque_x|torque_y,Fx,5,-0.9958506224066388,0.30085542478837035,-0.7705986959098992,-1.3633669235328985,-0.7705986959098992,-1.3633669235328985,-0.7113218731475992,0.5927682276229993
2026-03-08 15:23:16,roll_pitch_0_Metal,roll_pitch,0,Metal,torque_x|torque_y,Fy,5,-0.8199943836001123,0.09630119741354813,-0.7862959842740803,-0.9267059814658803,-0.7862959842740803,-0.9267059814658803,-0.6739679865206403,0.14040999719180003
2026-03-08 15:23:16,roll_pitch_0_Metal,roll_pitch,0,Metal,torque_x|torque_y,Fz,5,3.1399999999999997,0.806473806146238,3.1,3.1,3.8,1.7,4.0,0.6999999999999997
2026-03-08 15:23:16,roll_pitch_0_Metal,roll_pitch,0,Metal,torque_x|torque_y,F_total,5,3.403801691426227,0.8294764637861938,3.2896935609602886,3.276315030961424,4.142167710784801,1.9844533748598687,4.326378779564753,0.8658526798233774
2026-03-08 15:23:16,roll_pitch_0_Metal,roll_pitch,0,Metal,torque_x|torque_y,Tx,5,7.587037037037037,0.27062392980935657,7.444444444444445,7.388888888888889,7.685185185185185,7.342592592592593,8.074074074074074,0.29629629629629584
2026-03-08 15:23:16,roll_pitch_0_Metal,roll_pitch,0,Metal,torque_x|torque_y,Ty,5,-0.3642857142857143,0.13093073414159545,-0.3142857142857143,-0.4857142857142857,-0.2571428571428571,-0.55,-0.21428571428571427,0.2285714285714286
2026-03-08 15:23:16,roll_pitch_0_Metal,roll_pitch,0,Metal,torque_x|torque_y,Tz,5,-0.0059171597633136085,0.019929500056824506,-0.002366863905325444,-0.022485207100591716,0.010650887573964497,-0.03431952662721893,0.01893491124260355,0.033136094674556214
2026-03-08 15:23:16,roll_pitch_0_Metal,roll_pitch,0,Metal,torque_x|torque_y,peak_signal,5,7.587037037037037,0.27062392980935657,7.444444444444445,7.388888888888889,7.685185185185185,7.342592592592593,8.074074074074074,0.29629629629629584
2026-03-08 00:54:10,xy_0_Metal,xy,0,Metal,force_x|force_y,Fx,5,9.19976289270895,0.11646047838997291,9.24718435091879,9.18790752815649,9.27682276229994,8.980438648488441,9.30646117368109,0.0889152341434496
2026-03-08 00:54:10,xy_0_Metal,xy,0,Metal,force_x|force_y,Fy,5,1.7354675652906486,0.16316584157634323,1.7410839651783208,1.6287559674248806,1.9095759618084809,1.4883459702330806,1.9095759618084809,0.2808199943836003
2026-03-08 00:54:10,xy_0_Metal,xy,0,Metal,force_x|force_y,Fz,5,-33.11999999999999,2.332723729891734,-32.0,-34.9,-31.7,-36.7,-30.3,3.1999999999999993
2026-03-08 00:54:10,xy_0_Metal,xy,0,Metal,force_x|force_y,F_total,5,34.42537925128869,2.2264174119124323,33.37223278291465,33.03820240983253,36.15476315471855,31.738825838059224,37.82287207091849,3.116560744886023
2026-03-08 00:54:10,xy_0_Metal,xy,0,Metal,force_x|force_y,Tx,5,-3.1314814814814818,1.9020727269051028,-2.7685185185185186,-4.675925925925926,-1.287037037037037,-5.907407407407407,-1.0185185185185186,3.3888888888888884
2026-03-08 00:54:10,xy_0_Metal,xy,0,Metal,force_x|force_y,Ty,5,8.615714285714287,0.8475342386678464,8.742857142857142,8.364285714285714,9.285714285714286,7.135714285714286,9.55,0.9214285714285726
2026-03-08 00:54:10,xy_0_Metal,xy,0,Metal,force_x|force_y,Tz,5,0.11526627218934911,0.02436375712654726,0.12662721893491125,0.09230769230769231,0.1349112426035503,0.08047337278106509,0.14201183431952663,0.042603550295857995
2026-03-08 00:54:10,xy_0_Metal,xy,0,Metal,force_x|force_y,peak_signal,5,9.19976289270895,0.11646047838997291,9.24718435091879,9.18790752815649,9.27682276229994,8.980438648488441,9.30646117368109,0.0889152341434496
2026-03-08 21:18:21,z,roll_pitch,30,Plexi,torque_x|torque_y,Fx,10,-2.3266152934202724,1.2004288399685832,-2.3266152934202724,-3.341730883224659,-1.2448132780082988,-4.090100770598696,-0.5927682276229994,2.09691760521636
2026-03-08 21:18:21,z,roll_pitch,30,Plexi,torque_x|torque_y,Fy,10,0.04493119910137604,0.8499340834661485,-0.07020499859590004,-0.7862959842740803,0.7371524852569503,-0.9547879809042404,1.5164279696714407,1.5234484695310306
2026-03-08 21:18:21,z,roll_pitch,30,Plexi,torque_x|torque_y,Fz,10,7.44,6.262299897002698,6.300000000000001,2.675,10.7,0.1,21.8,8.024999999999999
2026-03-08 21:18:21,z,roll_pitch,30,Plexi,torque_x|torque_y,F_total,10,8.506454339152207,5.457912555017178,7.155416783628064,4.426069833004341,10.797930428078823,3.0590375972342954,22.003848937056564,6.371860595074482
2026-03-08 21:18:21,z,roll_pitch,30,Plexi,torque_x|torque_y,Tx,10,0.5185185185185184,4.619329282247873,0.6851851851851851,-4.094907407407407,4.543981481481482,-4.805555555555555,5.972222222222222,8.63888888888889
2026-03-08 21:18:21,z,roll_pitch,30,Plexi,torque_x|torque_y,Ty,10,-0.3992857142857142,2.2785858709797555,-0.6000000000000001,-1.9785714285714284,0.6303571428571428,-4.078571428571428,4.685714285714286,2.6089285714285713
2026-03-08 21:18:21,z,roll_pitch,30,Plexi,torque_x|torque_y,Tz,10,0.1850887573964497,0.4203656909997198,0.22189349112426035,0.009763313609467455,0.5547337278106509,-0.6958579881656805,0.659171597633136,0.5449704142011834
2026-03-08 21:18:21,z,roll_pitch,30,Plexi,torque_x|torque_y,peak_signal,10,4.787539682539682,0.6206753850190042,4.569444444444445,4.439814814814815,4.775595238095238,4.078571428571428,5.972222222222222,0.3357804232804229
2026-03-08 21:19:40,test,xy,30,Plexi,force_x|force_y,Fx,10,-0.41493775933609955,0.4130280382132743,-0.37048014226437465,-0.6520450503852993,-0.14819205690574985,-1.0966212211025488,0.2963841138114997,0.5038529934795494
2026-03-08 21:19:40,test,xy,30,Plexi,force_x|force_y,Fy,10,6.197697276046055,0.7444696414529193,6.0937938781241225,5.770850884582982,6.430777871384443,5.167087896658242,8.087615838247684,0.6599269868014606
2026-03-08 21:19:40,test,xy,30,Plexi,force_x|force_y,Fz,10,-18.88,3.5807261833320907,-19.7,-20.675,-15.8,-24.7,-13.2,4.875
2026-03-08 21:19:40,test,xy,30,Plexi,force_x|force_y,F_total,10,19.927436222276732,3.3884712901424963,20.67664239636376,17.036927765503584,21.661272853935515,14.337264047330367,25.394391275558753,4.62434508843193
2026-03-08 21:19:40,test,xy,30,Plexi,force_x|force_y,Tx,10,-13.012037037037038,1.6142001569744708,-12.662037037037038,-14.62037037037037,-12.04861111111111,-15.25925925925926,-10.185185185185185,2.5717592592592595
2026-03-08 21:19:40,test,xy,30,Plexi,force_x|force_y,Ty,10,-1.8292857142857144,1.1668046808550718,-1.8107142857142857,-2.7625,-1.1696428571428572,-3.6214285714285714,0.6571428571428571,1.592857142857143
2026-03-08 21:19:40,test,xy,30,Plexi,force_x|force_y,Tz,10,-0.009112426035502956,0.13181864927637674,-0.042011834319526625,-0.10946745562130178,0.07189349112426036,-0.15739644970414202,0.2686390532544379,0.18136094674556213
2026-03-08 21:19:40,test,xy,30,Plexi,force_x|force_y,peak_signal,10,6.197697276046055,0.7444696414529193,6.0937938781241225,5.770850884582982,6.430777871384443,5.167087896658242,8.087615838247684,0.6599269868014606
2026-03-08 21:20:36,test,yaw,30,Plexi,torque_z,Fx,10,0.5157083580320094,0.3461989745216085,0.41493775933609955,0.3556609365737996,0.6372258446947243,0.0,1.3040901007705987,0.2815649081209247
2026-03-08 21:20:36,test,yaw,30,Plexi,torque_z,Fy,10,0.1713001965739961,0.39443964815248295,0.18253299634934006,0.09126649817467003,0.4142094917158102,-0.8143779837124403,0.7301319853973604,0.32294299354114014
2026-03-08 21:20:36,test,yaw,30,Plexi,torque_z,Fz,10,-5.709999999999999,5.2889412929243225,-5.800000000000001,-9.275,-3.25,-15.0,3.7,6.025
2026-03-08 21:20:36,test,yaw,30,Plexi,torque_z,F_total,10,6.6791956696608334,4.0664579722737555,5.890855508315185,4.067147101549919,9.30437182790497,0.903934393765446,15.022701098791615,5.23722472635505
2026-03-08 21:20:36,test,yaw,30,Plexi,torque_z,Tx,10,1.940740740740741,1.0491374077839006,2.2175925925925926,1.0902777777777777,2.7106481481481484,0.027777777777777776,3.175925925925926,1.6203703703703707
2026-03-08 21:20:36,test,yaw,30,Plexi,torque_z,Ty,10,-0.3464285714285714,0.5471377284354928,-0.20357142857142857,-0.7839285714285714,-0.12857142857142856,-1.1571428571428573,0.7357142857142858,0.6553571428571429
2026-03-08 21:20:36,test,yaw,30,Plexi,torque_z,Tz,10,-0.6982248520710059,0.03844241673051381,-0.6863905325443787,-0.7189349112426036,-0.676923076923077,-0.7893491124260354,-0.6532544378698225,0.0420118343195266
2026-03-08 21:20:36,test,yaw,30,Plexi,torque_z,peak_signal,10,0.6982248520710059,0.03844241673051381,0.6863905325443787,0.676923076923077,0.7189349112426036,0.6532544378698225,0.7893491124260354,0.0420118343195266
2026-03-08 21:27:24,test,yaw,30,Wood,torque_z,Fx,10,-0.7883817427385891,0.35173689861640295,-0.5927682276229994,-1.052163604030824,-0.5705394190871369,-1.3930053349140485,-0.44457617071724953,0.4816241849436871
2026-03-08 21:27:24,test,yaw,30,Wood,torque_z,Fy,10,-0.30890199382196015,0.39354895908688237,-0.3931479921370402,-0.6248244875035103,0.05616399887672002,-0.8143779837124403,0.2808199943836001,0.6809884863802302
2026-03-08 21:27:24,test,yaw,30,Wood,torque_z,Fz,10,-3.7099999999999995,3.595956062023005,-3.5,-6.7,-2.3249999999999997,-9.1,3.5,4.375
2026-03-08 21:27:24,test,yaw,30,Wood,torque_z,F_total,10,4.6358016786321325,2.4899615739020713,3.999696569751239,2.743407446129935,6.766123698533509,1.3961517412161,9.127651538976362,4.0227162524035736
2026-03-08 21:27:24,test,yaw,30,Wood,torque_z,Tx,10,-1.251851851851852,1.1500342930415022,-1.5833333333333335,-1.9513888888888888,-0.48842592592592593,-3.2037037037037037,1.1111111111111112,1.4629629629629628
2026-03-08 21:27:24,test,yaw,30,Wood,torque_z,Ty,10,-0.49071428571428566,0.6673206401233921,-0.2857142857142857,-0.6071428571428571,-0.09464285714285714,-2.2714285714285714,0.09285714285714286,0.5125
2026-03-08 21:27:24,test,yaw,30,Wood,torque_z,Tz,10,0.4565680473372781,0.3287452977866727,0.5301775147928994,0.5269230769230769,0.5387573964497041,-0.5112426035502958,0.7017751479289941,0.011834319526627168
2026-03-08 21:27:24,test,yaw,30,Wood,torque_z,peak_signal,10,0.5588165680473374,0.06520656364215827,0.5301775147928994,0.5269230769230769,0.5387573964497041,0.5112426035502958,0.7017751479289941,0.011834319526627168
2026-03-08 21:28:29,test,z,30,Wood,force_z,Fx,10,-0.5483106105512745,0.35695526190996335,-0.6224066390041494,-0.7483698873740366,-0.451985773562537,-1.066982809721399,0.3260225251926497,0.29638411381149965
2026-03-08 21:28:29,test,z,30,Wood,force_z,Fy,10,-2.440325751193485,0.4689693906206122,-2.232518955349621,-2.787138444257231,-2.155293456894131,-3.2855939342881215,-1.9095759618084809,0.6318449873631002
2026-03-08 21:28:29,test,z,30,Wood,force_z,Fz,10,45.489999999999995,3.419780694722982,44.65,43.949999999999996,47.975,41.0,52.0,4.025000000000006
2026-03-08 21:28:29,test,z,30,Wood,force_z,F_total,10,45.56231294416799,3.4225462485739646,44.704608648861,44.01223032598061,48.07126503293938,41.0627973026516,52.04446271523409,4.059034706958769
2026-03-08 21:28:29,test,z,30,Wood,force_z,Tx,10,6.655555555555556,2.5761542354290032,8.023148148148149,3.951388888888889,8.659722222222221,2.7777777777777777,9.824074074074074,4.708333333333332
2026-03-08 21:28:29,test,z,30,Wood,force_z,Ty,10,-1.3557142857142856,0.9830543822024025,-1.2142857142857142,-2.1767857142857143,-1.0357142857142856,-2.6285714285714286,1.0,1.1410714285714287
2026-03-08 21:28:29,test,z,30,Wood,force_z,Tz,10,-0.05952662721893491,0.04740246990258837,-0.06568047337278107,-0.08491124260355029,-0.04408284023668639,-0.1455621301775148,0.04260355029585799,0.0408284023668639
2026-03-08 21:28:29,test,z,30,Wood,force_z,peak_signal,10,45.489999999999995,3.419780694722982,44.65,43.949999999999996,47.975,41.0,52.0,4.025000000000006
2026-03-08 21:29:12,test,xy,30,Wood,force_x|force_y,Fx,10,-1.3040901007705987,0.37886191301185046,-1.4226437462951984,-1.5634262003556607,-1.1484884410195613,-1.6893894487255483,-0.3260225251926497,0.41493775933609944
2026-03-08 21:29:12,test,xy,30,Wood,force_x|force_y,Fy,10,7.382757652344847,0.6881465169808932,7.357483852850323,6.809884863802303,7.891041842179163,6.2903678741926425,8.536927829261444,1.0811569783768604
2026-03-08 21:29:12,test,xy,30,Wood,force_x|force_y,Fz,10,-21.81,2.471618902662787,-21.9,-23.75,-21.25,-24.7,-15.8,2.5
2026-03-08 21:29:12,test,xy,30,Wood,force_x|force_y,F_total,10,23.09140308520643,2.3227025377062445,23.18414339976583,22.349146225791547,24.780510378932696,17.479827795786587,26.066374789826522,2.43136415314115
2026-03-08 21:29:12,test,xy,30,Wood,force_x|force_y,Tx,10,-20.744444444444447,2.3349795779898437,-20.34722222222222,-21.655092592592595,-19.17824074074074,-24.99074074074074,-16.90740740740741,2.4768518518518547
2026-03-08 21:29:12,test,xy,30,Wood,force_x|force_y,Ty,10,-3.1142857142857148,0.39598752814827337,-3.1107142857142858,-3.3464285714285715,-3.0357142857142856,-3.757142857142857,-2.2785714285714285,0.31071428571428594
2026-03-08 21:29:12,test,xy,30,Wood,force_x|force_y,Tz,10,0.02556213017751479,0.11709902196878207,0.045562130177514794,-0.06124260355029586,0.128698224852071,-0.1834319526627219,0.15502958579881657,0.18994082840236687
2026-03-08 21:29:12,test,xy,30,Wood,force_x|force_y,peak_signal,10,7.382757652344847,0.6881465169808932,7.357483852850323,6.809884863802303,7.891041842179163,6.2903678741926425,8.536927829261444,1.0811569783768604
2026-03-08 21:33:11,test,roll_pitch,30,Wood,torque_x|torque_y,Fx,10,-0.5601659751037344,0.37966099296233446,-0.5483106105512745,-0.6446354475400119,-0.39270895080023704,-1.2744516893894486,0.23710729104919975,0.25192649673977485
2026-03-08 21:33:11,test,roll_pitch,30,Wood,torque_x|torque_y,Fy,10,-0.5953383880932323,0.3171650188934681,-0.6458859870822803,-0.8003369839932604,-0.30890199382196015,-1.0951979780960404,-0.05616399887672002,0.4914349901713002
2026-03-08 21:33:11,test,roll_pitch,30,Wood,torque_x|torque_y,Fz,10,1.98,1.6827358675680508,1.75,0.525,2.775,0.2,5.9,2.25
2026-03-08 21:33:11,test,roll_pitch,30,Wood,torque_x|torque_y,F_total,10,2.301290866506538,1.5391589204893021,2.031205049437125,1.1001871115508073,2.932577367261246,0.516420549345083,6.013145117054815,1.8323902557104388
2026-03-08 21:33:11,test,roll_pitch,30,Wood,torque_x|torque_y,Tx,10,1.0925925925925923,1.473153676922372,1.4074074074074074,1.0972222222222223,1.9189814814814814,-2.1944444444444446,3.1296296296296298,0.8217592592592591
2026-03-08 21:33:11,test,roll_pitch,30,Wood,torque_x|torque_y,Ty,10,-0.35642857142857143,0.9775565644681098,0.060714285714285714,-0.725,0.3553571428571428,-2.6785714285714284,0.4357142857142857,1.0803571428571428
2026-03-08 21:33:11,test,roll_pitch,30,Wood,torque_x|torque_y,Tz,10,0.017159763313609473,0.1744430482640022,-0.05384615384615385,-0.06005917159763313,-0.02396449704142012,-0.09940828402366864,0.5017751479289941,0.03609467455621301
2026-03-08 21:33:11,test,roll_pitch,30,Wood,torque_x|torque_y,peak_signal,10,1.8937830687830686,0.6370266686257416,1.875,1.3796296296296298,2.1875,1.0925925925925926,3.1296296296296298,0.8078703703703702
2026-03-08 21:57:52,test,roll_pitch,30,Metal,torque_x|torque_y,Fx,10,0.5898043864848844,1.467771816650834,0.5927682276229993,-0.20746887966804978,1.8153526970954355,-2.6081802015411975,2.4007113218731475,2.0228215767634854
2026-03-08 21:57:52,test,roll_pitch,30,Metal,torque_x|torque_y,Fy,10,-0.16849199663016007,0.584483492985013,-0.08424599831508003,-0.5756809884863803,0.12636899747262004,-1.2356079752878406,0.8424599831508004,0.7020499859590004
2026-03-08 21:57:52,test,roll_pitch,30,Metal,torque_x|torque_y,Fz,10,7.609999999999999,3.9948591965174436,9.05,5.725,10.549999999999999,0.2,11.9,4.824999999999999
2026-03-08 21:57:52,test,roll_pitch,30,Metal,torque_x|torque_y,F_total,10,8.011562201609175,3.5437416548499754,9.169408494510103,6.291912885362899,10.801983401168764,1.7185614612693358,11.90319011167931,4.5100705158058645
2026-03-08 21:57:52,test,roll_pitch,30,Metal,torque_x|torque_y,Tx,10,3.4499999999999993,2.3161411015296083,2.398148148148148,2.002314814814815,5.310185185185185,0.16666666666666666,7.601851851851852,3.3078703703703702
2026-03-08 21:57:52,test,roll_pitch,30,Metal,torque_x|torque_y,Ty,10,4.694285714285714,3.128778205821641,5.196428571428571,4.071428571428571,6.616071428571429,-3.85,7.692857142857143,2.5446428571428577
2026-03-08 21:57:52,test,roll_pitch,30,Metal,torque_x|torque_y,Tz,10,0.1863905325443787,0.21386763398928996,0.18579881656804734,0.004733727810650888,0.24615384615384617,-0.040236686390532544,0.6710059171597633,0.24142011834319527
2026-03-08 21:57:52,test,roll_pitch,30,Metal,torque_x|torque_y,peak_signal,10,5.650185185185185,1.5432929544027265,5.592857142857143,4.071428571428571,7.066071428571429,3.85,7.692857142857143,2.994642857142858
2026-03-08 22:29:30,test,xy,30,Metal,force_y,Fx,10,-1.5234143449911082,0.503190051682376,-1.4374629519857733,-1.7190278601066982,-1.1188500296384114,-2.6081802015411975,-0.8891523414344991,0.6001778304682868
2026-03-08 22:29:30,test,xy,30,Metal,force_y,Fy,10,9.163156416736872,0.7210077281513381,9.238977815220444,8.810727323785454,9.604043807919124,7.919123841617523,10.446503791069924,0.7933164841336708
2026-03-08 22:29:30,test,xy,30,Metal,force_y,Fz,10,-15.13,4.431940884082277,-15.5,-17.2,-12.275,-23.2,-6.7,4.924999999999999
2026-03-08 22:29:30,test,xy,30,Metal,force_y,F_total,10,17.894942311649075,3.922667309246159,18.210800911141973,15.406229198477693,20.05362871210954,10.514636427508947,24.832027267765103,4.6473995136318464
2026-03-08 22:29:30,test,xy,30,Metal,force_y,Tx,10,-19.74907407407407,3.314257272581815,-18.61574074074074,-22.993055555555554,-17.41435185185185,-24.75,-14.592592592592593,5.578703703703702
2026-03-08 22:29:30,test,xy,30,Metal,force_y,Ty,10,-2.8328571428571427,1.206048531869464,-3.1071428571428568,-3.5125,-2.05,-5.121428571428571,-0.6285714285714286,1.4625000000000004
2026-03-08 22:29:30,test,xy,30,Metal,force_y,Tz,10,-0.03976331360946746,0.26961281171321877,-0.002958579881656805,-0.2165680473372781,0.09792899408284024,-0.5621301775147929,0.37988165680473374,0.31449704142011836
2026-03-08 22:29:30,test,xy,30,Metal,force_y,peak_signal,10,9.163156416736872,0.7210077281513381,9.238977815220444,8.810727323785454,9.604043807919124,7.919123841617523,10.446503791069924,0.7933164841336708
2026-03-08 22:36:20,test,z,30,Metal,force_z,Fx,5,2.5785417901600467,6.935869554024421,-0.8298755186721991,-0.978067575577949,-0.7705986959098992,-0.978067575577949,16.449318316538232,0.20746887966804983
2026-03-08 22:36:20,test,z,30,Metal,force_z,Fy,5,0.7357483852850324,7.7518201515507315,-3.2013479359730415,-3.3136759337264814,-2.667789946644201,-3.3698399326032016,16.231395675372088,0.6458859870822802
2026-03-08 22:36:20,test,z,30,Metal,force_z,Fz,5,39.48,4.17775059092809,36.8,36.3,44.2,35.2,44.9,7.900000000000006
2026-03-08 22:36:20,test,z,30,Metal,force_z,F_total,5,40.71418463899451,5.819482345049718,36.96183253541624,36.46919847424349,44.288212840166715,35.353676625738615,50.4980027194075,7.819014365923223
2026-03-08 22:36:20,test,z,30,Metal,force_z,Tx,5,12.498148148148147,22.01468941567396,1.0,0.7129629629629629,3.6296296296296298,0.6759259259259259,56.47222222222222,2.916666666666667
2026-03-08 22:36:20,test,z,30,Metal,force_z,Ty,5,2.325714285714286,1.146045552394522,2.392857142857143,2.357142857142857,2.5214285714285714,0.37857142857142856,3.9785714285714286,0.16428571428571415
2026-03-08 22:36:20,test,z,30,Metal,force_z,Tz,5,0.0016568047337278014,0.31809065894579114,0.14201183431952663,0.1408284023668639,0.14201183431952663,-0.6319526627218935,0.2153846153846154,0.001183431952662739
2026-03-08 22:36:20,test,z,30,Metal,force_z,peak_signal,5,39.48,4.17775059092809,36.8,36.3,44.2,35.2,44.9,7.900000000000006
2026-03-08 22:38:43,test,yaw,30,Metal,torque_z,Fx,5,0.04149377593360996,0.26681155743750795,0.14819205690574985,-0.02963841138114997,0.23710729104919975,-0.44457617071724953,0.2963841138114997,0.26674570243034973
2026-03-08 22:38:43,test,yaw,30,Metal,torque_z,Fy,5,-0.2864363942712721,0.2270304176513085,-0.30890199382196015,-0.33698399326032014,-0.19657399606852008,-0.6458859870822803,0.05616399887672002,0.14040999719180006
2026-03-08 22:38:43,test,yaw,30,Metal,torque_z,Fz,5,1.6400000000000001,0.9308061022576077,1.5,1.2,2.6,0.2,2.7,1.4000000000000001
2026-03-08 22:38:43,test,yaw,30,Metal,torque_z,F_total,5,1.7713229052924553,0.7905149741224434,1.5655038697938237,1.2467704869553455,2.624211287006093,0.692191876605908,2.7279370061011075,1.3774408000507474
2026-03-08 22:38:43,test,yaw,30,Metal,torque_z,Tx,5,1.955555555555555,1.6532111165500833,1.537037037037037,1.3703703703703705,2.0,-0.08333333333333333,4.953703703703703,0.6296296296296295
2026-03-08 22:38:43,test,yaw,30,Metal,torque_z,Ty,5,-0.5157142857142857,0.6145248703889296,-0.55,-1.0,-0.17142857142857143,-1.3,0.44285714285714284,0.8285714285714285
2026-03-08 22:38:43,test,yaw,30,Metal,torque_z,Tz,5,-0.3663905325443787,0.4299729945278523,-0.4,-0.40710059171597635,-0.3988165680473373,-0.9893491124260355,0.3633136094674556,0.008284023668639062
2026-03-08 22:38:43,test,yaw,30,Metal,torque_z,peak_signal,5,0.5117159763313609,0.2393022313490703,0.4,0.3988165680473373,0.40710059171597635,0.3633136094674556,0.9893491124260355,0.008284023668639062
2026-03-08 22:49:51,yaw_0_Plexi,z,30,Plexi,force_z,Fx,5,0.09484291641967992,0.6921441653785532,0.05927682276229994,-0.23710729104919975,0.0889152341434499,-0.7705986959098992,1.3337285121517486,0.3260225251926496
2026-03-08 22:49:51,yaw_0_Plexi,z,30,Plexi,force_z,Fy,5,-1.2749227745015446,1.692541034705969,-1.1794439764111204,-2.134231957315361,0.16849199663016007,-3.9876439202471214,0.7582139848357203,2.302723953945521
2026-03-08 22:49:51,yaw_0_Plexi,z,30,Plexi,force_z,Fz,5,37.02,4.5419819462432915,37.7,33.0,39.9,31.0,43.5,6.899999999999999
2026-03-08 22:49:51,yaw_0_Plexi,z,30,Plexi,force_z,F_total,5,37.08043213640388,4.596709098596028,37.72396083786875,33.02192162732146,39.96446882416635,31.009327664245113,43.682481728417706,6.942547196844892
2026-03-08 22:49:51,yaw_0_Plexi,z,30,Plexi,force_z,Tx,5,13.90185185185185,4.346946013392282,14.814814814814815,10.944444444444445,15.981481481481481,7.537037037037037,20.23148148148148,5.037037037037036
2026-03-08 22:49:51,yaw_0_Plexi,z,30,Plexi,force_z,Ty,5,1.6342857142857141,1.6180764594330603,1.2857142857142858,0.22857142857142856,3.4285714285714284,-0.35714285714285715,3.585714285714286,3.1999999999999997
2026-03-08 22:49:51,yaw_0_Plexi,z,30,Plexi,force_z,Tz,5,-0.08994082840236688,0.32364040420751083,0.07928994082840236,-0.19881656804733727,0.17159763313609466,-0.676923076923077,0.17514792899408285,0.37041420118343193
2026-03-08 22:49:51,yaw_0_Plexi,z,30,Plexi,force_z,peak_signal,5,37.02,4.5419819462432915,37.7,33.0,39.9,31.0,43.5,6.899999999999999
2026-03-08 23:02:56,yaw_0_Plexi,z,60,Plexi,force_z,Fx,5,2.4303497332542974,1.0612041369275729,2.5489033787788973,1.6004742145820983,3.467694131594546,0.8891523414344991,3.6455245998814463,1.867219917012448
2026-03-08 23:02:56,yaw_0_Plexi,z,60,Plexi,force_z,Fy,5,-0.16849199663016007,0.8105926415619517,-0.2246559955068801,-0.8705419825891604,0.16849199663016007,-1.0951979780960404,1.1794439764111204,1.0390339792193204
2026-03-08 23:02:56,yaw_0_Plexi,z,60,Plexi,force_z,Fz,5,32.339999999999996,2.6971095639591645,32.6,31.1,32.7,28.5,36.8,1.6000000000000014
2026-03-08 23:02:56,yaw_0_Plexi,z,60,Plexi,force_z,F_total,5,32.458218581019516,2.7078128769182337,32.75745680486762,31.29353564087338,32.82439546590056,28.52715259589938,36.8885523975566,1.5308598250271785
2026-03-08 23:02:56,yaw_0_Plexi,z,60,Plexi,force_z,Tx,5,-1.512962962962963,6.791318188944193,-3.6203703703703702,-5.888888888888889,-3.0185185185185186,-6.814814814814815,11.777777777777779,2.8703703703703707
2026-03-08 23:02:56,yaw_0_Plexi,z,60,Plexi,force_z,Ty,5,4.5,3.966536040837812,3.65,2.3857142857142857,4.328571428571428,0.21428571428571427,11.92142857142857,1.9428571428571426
2026-03-08 23:02:56,yaw_0_Plexi,z,60,Plexi,force_z,Tz,5,0.08094674556213018,0.11311678179345455,0.01893491124260355,-0.001183431952662722,0.10414201183431952,-0.009467455621301775,0.2923076923076923,0.10532544378698225
2026-03-08 23:02:56,yaw_0_Plexi,z,60,Plexi,force_z,peak_signal,5,32.339999999999996,2.6971095639591645,32.6,31.1,32.7,28.5,36.8,1.6000000000000014
2026-03-08 23:03:50,yaw_0_Plexi,xy,60,Plexi,force_x|force_y,Fx,5,2.0924718435091876,0.8306372996136743,1.7190278601066982,1.5411973918197983,2.904564315352697,1.066982809721399,3.2305868405453464,1.3633669235328987
2026-03-08 23:03:50,yaw_0_Plexi,xy,60,Plexi,force_x|force_y,Fy,5,5.021061499578771,0.2606638896011749,4.998595900028082,4.970513900589722,4.998595900028082,4.661611906767762,5.475989890480203,0.028081999438359873
2026-03-08 23:03:50,yaw_0_Plexi,xy,60,Plexi,force_x|force_y,Fz,5,-83.72,4.243300602125657,-81.9,-88.6,-79.9,-89.0,-79.2,8.699999999999989
2026-03-08 23:03:50,yaw_0_Plexi,xy,60,Plexi,force_x|force_y,F_total,5,83.90003531128268,4.2632705462827305,82.03949706016951,80.07291093259805,88.78841396732908,79.37254720854264,89.22680738777414,8.715503034731029
2026-03-08 23:03:50,yaw_0_Plexi,xy,60,Plexi,force_x|force_y,Tx,5,-24.559259259259257,2.6958701840746557,-24.90740740740741,-26.74074074074074,-24.37037037037037,-27.175925925925927,-19.60185185185185,2.3703703703703702
2026-03-08 23:03:50,yaw_0_Plexi,xy,60,Plexi,force_x|force_y,Ty,5,-4.701428571428571,0.7415290325553338,-5.135714285714286,-5.292857142857143,-3.9285714285714284,-5.464285714285714,-3.6857142857142855,1.3642857142857143
2026-03-08 23:03:50,yaw_0_Plexi,xy,60,Plexi,force_x|force_y,Tz,5,0.0042603550295857995,0.037881654956198926,0.004733727810650888,-0.004733727810650888,0.040236686390532544,-0.06153846153846154,0.04260355029585799,0.04497041420118343
2026-03-08 23:03:50,yaw_0_Plexi,xy,60,Plexi,force_x|force_y,peak_signal,5,5.021061499578771,0.2606638896011749,4.998595900028082,4.970513900589722,4.998595900028082,4.661611906767762,5.475989890480203,0.028081999438359873
2026-03-08 23:07:43,yaw_0_Plexi,roll_pitch,60,Plexi,torque_x|torque_y,Fx,5,-0.3200948429164197,0.04355939080230902,-0.2963841138114997,-0.3556609365737996,-0.2963841138114997,-0.3852993479549496,-0.26674570243034973,0.0592768227622999
2026-03-08 23:07:43,yaw_0_Plexi,roll_pitch,60,Plexi,torque_x|torque_y,Fy,5,-0.016849199663016005,0.04562784838324044,-0.02808199943836001,-0.02808199943836001,0.0,-0.08424599831508003,0.05616399887672002,0.02808199943836001
2026-03-08 23:07:43,yaw_0_Plexi,roll_pitch,60,Plexi,torque_x|torque_y,Fz,5,29.24,1.0518555033843768,28.8,28.7,30.3,27.8,30.6,1.6000000000000014
2026-03-08 23:07:43,yaw_0_Plexi,roll_pitch,60,Plexi,torque_x|torque_y,F_total,5,29.241821964918387,1.0519373066313038,28.801648232890283,28.70221739344361,30.30118713628985,27.801579874944515,30.602477187023673,1.59896974284624
2026-03-08 23:07:43,yaw_0_Plexi,roll_pitch,60,Plexi,torque_x|torque_y,Tx,5,6.28888888888889,0.24084043519794904,6.194444444444445,6.101851851851852,6.574074074074074,6.0,6.574074074074074,0.4722222222222223
2026-03-08 23:07:43,yaw_0_Plexi,roll_pitch,60,Plexi,torque_x|torque_y,Ty,5,3.961428571428571,0.10753262438033591,3.9214285714285713,3.857142857142857,4.078571428571428,3.85,4.1,0.22142857142857109
2026-03-08 23:07:43,yaw_0_Plexi,roll_pitch,60,Plexi,torque_x|torque_y,Tz,5,0.0736094674556213,0.007792699471315658,0.06863905325443787,0.06863905325443787,0.07337278106508875,0.06863905325443787,0.08875739644970414,0.004733727810650887
2026-03-08 23:07:43,yaw_0_Plexi,roll_pitch,60,Plexi,torque_x|torque_y,peak_signal,5,6.28888888888889,0.24084043519794904,6.194444444444445,6.101851851851852,6.574074074074074,6.0,6.574074074074074,0.4722222222222223
2026-03-08 23:11:13,yaw_0_Plexi,yaw,60,Plexi,torque_z,Fx,5,-1.001778304682869,0.07356060252513844,-0.978067575577949,-1.066982809721399,-0.978067575577949,-1.0966212211025488,-0.8891523414344991,0.08891523414344993
2026-03-08 23:11:13,yaw_0_Plexi,yaw,60,Plexi,torque_z,Fy,5,1.4771131704577367,0.19983652765691884,1.4321819713563606,1.3760179724796406,1.6849199663016008,1.1794439764111204,1.7130019657399607,0.30890199382196015
2026-03-08 23:11:13,yaw_0_Plexi,yaw,60,Plexi,torque_z,Fz,5,-47.67999999999999,3.362974873530874,-45.6,-50.2,-45.5,-53.0,-44.1,4.700000000000003
2026-03-08 23:11:13,yaw_0_Plexi,yaw,60,Plexi,torque_z,F_total,5,47.71405037757213,3.360381742691119,45.64082566760715,45.54169047669661,50.228378847450216,44.128670276926925,53.030686619179754,4.686688370753608
2026-03-08 23:11:13,yaw_0_Plexi,yaw,60,Plexi,torque_z,Tx,5,-4.487037037037037,1.0493907043995148,-5.027777777777778,-5.296296296296297,-3.5925925925925926,-5.611111111111111,-2.9074074074074074,1.7037037037037042
2026-03-08 23:11:13,yaw_0_Plexi,yaw,60,Plexi,torque_z,Ty,5,-4.627142857142857,0.39837424718011905,-4.371428571428571,-5.05,-4.271428571428571,-5.171428571428572,-4.271428571428571,0.7785714285714285
2026-03-08 23:11:13,yaw_0_Plexi,yaw,60,Plexi,torque_z,Tz,5,-0.20236686390532546,0.004792534137589726,-0.20236686390532543,-0.20710059171597633,-0.19763313609467456,-0.20828402366863905,-0.19644970414201182,0.009467455621301774
2026-03-08 23:11:13,yaw_0_Plexi,yaw,60,Plexi,torque_z,peak_signal,5,0.20236686390532546,0.004792534137589726,0.20236686390532543,0.19763313609467456,0.20710059171597633,0.19644970414201182,0.20828402366863905,0.009467455621301774
2026-03-08 23:19:19,yaw_0_Plexi,yaw,60,Wood,torque_z,Fx,10,-1.3900414937759336,0.18339927094730266,-1.3781861292234736,-1.4374629519857736,-1.3114997036158862,-1.807943094250148,-1.0373443983402488,0.12596324836988737
2026-03-08 23:19:19,yaw_0_Plexi,yaw,60,Wood,torque_z,Fy,10,-0.43246279135074417,0.09824687270169,-0.4493119910137602,-0.4773939904521202,-0.37910699241786017,-0.6178039876439203,-0.2808199943836001,0.09828699803426005
2026-03-08 23:19:19,yaw_0_Plexi,yaw,60,Wood,torque_z,Fz,10,22.93,2.268060845744664,23.25,22.75,24.125,16.8,25.8,1.375
2026-03-08 23:19:19,yaw_0_Plexi,yaw,60,Wood,torque_z,F_total,10,22.977065544898075,2.268476604763465,23.289878482412703,22.799715463563224,24.172236679532965,16.8433299904715,25.840941843217312,1.3725212159697406
2026-03-08 23:19:19,yaw_0_Plexi,yaw,60,Wood,torque_z,Tx,10,3.344444444444445,0.5269291422835278,3.398148148148148,3.2222222222222223,3.650462962962963,1.9537037037037037,3.990740740740741,0.4282407407407405
2026-03-08 23:19:19,yaw_0_Plexi,yaw,60,Wood,torque_z,Ty,10,-1.874285714285714,0.5655519247530122,-2.0107142857142857,-2.1392857142857142,-1.9392857142857143,-2.2857142857142856,-0.22142857142857142,0.19999999999999996
2026-03-08 23:19:19,yaw_0_Plexi,yaw,60,Wood,torque_z,Tz,10,0.5594082840236687,0.018741990574827113,0.5538461538461539,0.5431952662721893,0.5730769230769232,0.5384615384615384,0.6,0.02988165680473387
2026-03-08 23:19:19,yaw_0_Plexi,yaw,60,Wood,torque_z,peak_signal,10,0.5594082840236687,0.018741990574827113,0.5538461538461539,0.5431952662721893,0.5730769230769232,0.5384615384615384,0.6,0.02988165680473387
2026-03-08 23:21:21,yaw_0_Plexi,z,60,Wood,force_z,Fx,10,1.4433906342620035,1.8053198923641625,0.933609958506224,0.0815056312981624,1.9931831653823353,-0.20746887966804978,6.075874333135744,1.911677534084173
2026-03-08 23:21:21,yaw_0_Plexi,z,60,Wood,force_z,Fy,10,-0.5897219882055603,0.9361883287008316,-0.5475989890480202,-1.2777309744453804,0.07722549845549004,-2.021903959561921,0.7301319853973604,1.3549564729008705
2026-03-08 23:21:21,yaw_0_Plexi,z,60,Wood,force_z,Fz,10,21.160000000000004,9.915866074125852,17.65,13.75,24.275000000000002,11.5,42.2,10.525000000000002
2026-03-08 23:21:21,yaw_0_Plexi,z,60,Wood,force_z,F_total,10,21.341084318323233,9.858747241167519,18.222918409503933,13.844413151462355,24.319078336299377,11.625102786134264,42.23644810701239,10.474665184837022
2026-03-08 23:21:21,yaw_0_Plexi,z,60,Wood,force_z,Tx,10,1.1546296296296297,4.725487342501582,0.5833333333333333,-1.340277777777778,5.738425925925926,-8.50925925925926,7.277777777777778,7.078703703703703
2026-03-08 23:21:21,yaw_0_Plexi,z,60,Wood,force_z,Ty,10,3.111428571428571,4.283541353904763,2.15,-0.4571428571428572,4.048214285714286,-1.0142857142857142,13.35,4.505357142857143
2026-03-08 23:21:21,yaw_0_Plexi,z,60,Wood,force_z,Tz,10,-0.013372781065088758,0.25506846310572767,-0.01893491124260355,-0.18224852071005918,0.13668639053254436,-0.37751479289940826,0.45207100591715976,0.31893491124260354
2026-03-08 23:21:21,yaw_0_Plexi,z,60,Wood,force_z,peak_signal,10,21.160000000000004,9.915866074125852,17.65,13.75,24.275000000000002,11.5,42.2,10.525000000000002
2026-03-08 23:27:36,yaw_0_Plexi,xy,60,Wood,force_y,Fx,10,-0.4801422643746295,0.35263482436836624,-0.44457617071724953,-0.8002371072910491,-0.24451689389448725,-0.978067575577949,0.14819205690574985,0.5557202133965619
2026-03-08 23:27:36,yaw_0_Plexi,xy,60,Wood,force_y,Fy,10,10.000000000000002,1.0374731174089962,9.800617803987645,9.561920808761585,10.362257792754844,8.621173827576524,12.327997753440044,0.8003369839932599
2026-03-08 23:27:36,yaw_0_Plexi,xy,60,Wood,force_y,Fz,10,-41.690000000000005,4.107907009658326,-42.0,-44.95,-39.775,-47.1,-33.0,5.175000000000004
2026-03-08 23:27:36,yaw_0_Plexi,xy,60,Wood,force_y,F_total,10,42.89533961189471,4.043770265848266,43.53799601102641,40.913481618860985,45.97666320400825,34.48953574115722,48.38974757960681,5.063181585147262
2026-03-08 23:27:36,yaw_0_Plexi,xy,60,Wood,force_y,Tx,10,-31.617592592592594,3.421350924236859,-31.51851851851852,-33.99074074074074,-29.65509259259259,-37.611111111111114,-25.37037037037037,4.335648148148149
2026-03-08 23:27:36,yaw_0_Plexi,xy,60,Wood,force_y,Ty,10,-2.5642857142857145,0.8956527661717014,-2.632142857142857,-3.2071428571428573,-2.1517857142857144,-3.7714285714285714,-0.6642857142857143,1.0553571428571429
2026-03-08 23:27:36,yaw_0_Plexi,xy,60,Wood,force_y,Tz,10,0.04544378698224852,0.14452335366614816,0.03076923076923077,-0.06568047337278107,0.08698224852071006,-0.1467455621301775,0.3633136094674556,0.15266272189349112
2026-03-08 23:27:36,yaw_0_Plexi,xy,60,Wood,force_y,peak_signal,10,10.000000000000002,1.0374731174089962,9.800617803987645,9.561920808761585,10.362257792754844,8.621173827576524,12.327997753440044,0.8003369839932599
2026-03-08 23:28:33,yaw_0_Plexi,roll_pitch,60,Wood,torque_x,Fx,10,0.2874925903971547,0.16236331861057898,0.2815649081209247,0.14078245406046236,0.451985773562537,0.05927682276229994,0.5038529934795495,0.31120331950207464
2026-03-08 23:28:33,yaw_0_Plexi,roll_pitch,60,Wood,torque_x,Fy,10,0.12636899747262006,0.5889525743867621,-0.014040999719180006,-0.2808199943836001,0.5124964897500702,-0.7020499859590003,1.2356079752878406,0.7933164841336704
2026-03-08 23:28:33,yaw_0_Plexi,roll_pitch,60,Wood,torque_x,Fz,10,-25.7,5.736375162068812,-26.450000000000003,-28.55,-19.975,-35.3,-17.8,8.575
2026-03-08 23:28:33,yaw_0_Plexi,roll_pitch,60,Wood,torque_x,F_total,10,25.711189651042396,5.727353212723384,26.45980430144018,20.012166207900986,28.551830255803715,17.809988151097574,35.303899923184005,8.539664047902729
2026-03-08 23:28:33,yaw_0_Plexi,roll_pitch,60,Wood,torque_x,Tx,10,-9.295370370370371,1.450589079053355,-8.787037037037038,-9.324074074074074,-8.42824074074074,-12.50925925925926,-7.87962962962963,0.8958333333333339
2026-03-08 23:28:33,yaw_0_Plexi,roll_pitch,60,Wood,torque_x,Ty,10,-0.7885714285714285,0.7067762397401489,-0.9678571428571429,-1.175,-0.3071428571428571,-2.1714285714285713,0.2857142857142857,0.8678571428571429
2026-03-08 23:28:33,yaw_0_Plexi,roll_pitch,60,Wood,torque_x,Tz,10,-0.03964497041420119,0.027204781501600793,-0.040236686390532544,-0.051775147928994084,-0.031952662721893496,-0.08994082840236686,0.023668639053254437,0.019822485207100587
2026-03-08 23:28:33,yaw_0_Plexi,roll_pitch,60,Wood,torque_x,peak_signal,10,9.295370370370371,1.450589079053355,8.787037037037038,8.42824074074074,9.324074074074074,7.87962962962963,12.50925925925926,0.8958333333333339
2026-03-08 23:31:22,yaw_0_Plexi,roll_pitch,60,Metal,torque_x,Fx,10,-0.01481920569057498,0.1940127782934575,-0.014819205690574985,-0.0815056312981624,0.10373443983402489,-0.3556609365737996,0.2963841138114997,0.1852400711321873
2026-03-08 23:31:22,yaw_0_Plexi,roll_pitch,60,Metal,torque_x,Fy,10,1.3507441729851166,0.7588845360881524,1.5164279696714407,0.6809884863802302,2.000842459983151,0.19657399606852008,2.330805953383881,1.319853973602921
2026-03-08 23:31:22,yaw_0_Plexi,roll_pitch,60,Metal,torque_x,Fz,10,-27.610000000000003,3.2309286590700204,-27.15,-30.6,-26.575,-31.8,-21.4,4.025000000000002
2026-03-08 23:31:22,yaw_0_Plexi,roll_pitch,60,Metal,torque_x,F_total,10,27.658512968781935,3.1931076528496605,27.195238244960024,26.646897414166588,30.603353496089383,21.52663861670109,31.8016810849697,3.956456081922795
2026-03-08 23:31:22,yaw_0_Plexi,roll_pitch,60,Metal,torque_x,Tx,10,-12.16851851851852,0.6681542046206571,-12.337962962962964,-12.534722222222221,-11.95138888888889,-13.037037037037036,-11.0,0.5833333333333321
2026-03-08 23:31:22,yaw_0_Plexi,roll_pitch,60,Metal,torque_x,Ty,10,-0.6728571428571428,0.5106598372574008,-0.5857142857142857,-0.9357142857142857,-0.38392857142857145,-1.55,0.2571428571428571,0.5517857142857143
2026-03-08 23:31:22,yaw_0_Plexi,roll_pitch,60,Metal,torque_x,Tz,10,-0.008875739644970418,0.09097544137727957,0.021893491124260353,-0.023668639053254437,0.04142011834319527,-0.20591715976331362,0.12071005917159763,0.0650887573964497
2026-03-08 23:31:22,yaw_0_Plexi,roll_pitch,60,Metal,torque_x,peak_signal,10,12.16851851851852,0.6681542046206571,12.337962962962964,11.95138888888889,12.534722222222221,11.0,13.037037037037036,0.5833333333333321
2026-03-08 23:33:34,yaw_0_Plexi,z,60,Metal,force_z,Fx,10,-0.5364552459988144,0.8867236143923813,-0.42975696502667454,-0.963248369887374,-0.10373443983402489,-2.4303497332542974,1.0966212211025488,0.8595139300533491
2026-03-08 23:33:34,yaw_0_Plexi,z,60,Metal,force_z,Fy,10,-0.05897219882055602,1.1156331970304856,0.04212299915754002,-0.7371524852569503,0.7862959842740804,-2.218477955630441,1.5164279696714407,1.5234484695310306
2026-03-08 23:33:34,yaw_0_Plexi,z,60,Metal,force_z,Fz,10,35.8,11.067881459430255,33.25,27.5,35.1,25.5,58.2,7.600000000000001
2026-03-08 23:33:34,yaw_0_Plexi,z,60,Metal,force_z,F_total,10,35.83098221597551,11.072528689882796,33.26525994474552,27.537007259644696,35.171912552817886,25.5051164519449,58.214341474147645,7.63490529317319
2026-03-08 23:33:34,yaw_0_Plexi,z,60,Metal,force_z,Tx,10,6.313888888888888,7.505332409344701,8.11574074074074,0.35416666666666663,12.530092592592592,-5.666666666666667,17.15740740740741,12.175925925925926
2026-03-08 23:33:34,yaw_0_Plexi,z,60,Metal,force_z,Ty,10,-3.3221428571428566,2.994156639120912,-2.175,-5.203571428571428,-1.0767857142857142,-9.257142857142858,0.11428571428571428,4.126785714285714
2026-03-08 23:33:34,yaw_0_Plexi,z,60,Metal,force_z,Tz,10,-0.12201183431952663,0.2348016377931067,-0.04792899408284023,-0.2834319526627219,0.0591715976331361,-0.6390532544378699,0.11124260355029586,0.34260355029585804
2026-03-08 23:33:34,yaw_0_Plexi,z,60,Metal,force_z,peak_signal,10,35.8,11.067881459430255,33.25,27.5,35.1,25.5,58.2,7.600000000000001
2026-03-08 23:34:45,yaw_0_Plexi,xy,60,Metal,force_y,Fx,10,0.08298755186721991,0.37320868378653693,0.014819205690574974,-0.14819205690574985,0.41493775933609955,-0.6224066390041494,0.6224066390041494,0.5631298162418494
2026-03-08 23:34:45,yaw_0_Plexi,xy,60,Metal,force_y,Fy,10,8.972198820556025,0.5950800306239408,8.873911822521762,8.550968828980624,9.196854816062904,8.115697837686044,10.306093793878125,0.6458859870822806
2026-03-08 23:34:45,yaw_0_Plexi,xy,60,Metal,force_y,Fz,10,-29.130000000000003,5.232981941493779,-28.85,-32.8,-26.2,-39.2,-19.8,6.599999999999998
2026-03-08 23:34:45,yaw_0_Plexi,xy,60,Metal,force_y,F_total,10,30.51477430213422,5.078404558880869,30.085003916659105,27.688601288434594,33.94896297393229,21.399217562293064,40.25507515239774,6.260361685497696
2026-03-08 23:34:45,yaw_0_Plexi,xy,60,Metal,force_y,Tx,10,-22.404629629629625,2.0603175155170206,-21.407407407407405,-23.886574074074073,-21.09722222222222,-26.175925925925927,-19.73148148148148,2.789351851851851
2026-03-08 23:34:45,yaw_0_Plexi,xy,60,Metal,force_y,Ty,10,-0.9457142857142857,1.0362471535619802,-0.9928571428571429,-1.6214285714285714,-0.28928571428571426,-2.5714285714285716,0.9285714285714286,1.3321428571428573
2026-03-08 23:34:45,yaw_0_Plexi,xy,60,Metal,force_y,Tz,10,0.18875739644970413,0.11814806398004629,0.21479289940828403,0.09497041420118343,0.2659763313609467,-0.022485207100591716,0.39289940828402364,0.1710059171597633
2026-03-08 23:34:45,yaw_0_Plexi,xy,60,Metal,force_y,peak_signal,10,8.972198820556025,0.5950800306239408,8.873911822521762,8.550968828980624,9.196854816062904,8.115697837686044,10.306093793878125,0.6458859870822806
2026-03-08 23:35:49,yaw_0_Plexi,yaw,60,Metal,torque_z,Fx,10,0.3023117960877296,0.4379670767531921,0.3112033195020747,-0.022228808535862482,0.7187314759928867,-0.3556609365737996,0.8891523414344991,0.7409602845287492
2026-03-08 23:35:49,yaw_0_Plexi,yaw,60,Metal,torque_z,Fy,10,0.4998595900028082,0.2270304176513085,0.5195169896096603,0.35102499297950013,0.5827014883459702,0.05616399887672002,0.8986239820275204,0.23167649536647011
2026-03-08 23:35:49,yaw_0_Plexi,yaw,60,Metal,torque_z,Fz,10,-18.22,7.835917304310964,-16.45,-23.025,-12.075000000000001,-32.2,-6.7,10.949999999999998
2026-03-08 23:35:49,yaw_0_Plexi,yaw,60,Metal,torque_z,F_total,10,18.23865401997371,7.8298218078272495,16.467228958531905,12.106213774250548,23.03228904249376,6.72878835651319,32.21190334274615,10.92607526824321
2026-03-08 23:35:49,yaw_0_Plexi,yaw,60,Metal,torque_z,Tx,10,-1.787037037037037,1.880313686873157,-1.490740740740741,-1.6921296296296295,-0.9537037037037037,-6.324074074074074,1.1018518518518519,0.7384259259259258
2026-03-08 23:35:49,yaw_0_Plexi,yaw,60,Metal,torque_z,Ty,10,-1.4257142857142857,1.140221067000892,-1.7964285714285713,-2.3625,-0.4464285714285714,-3.0,0.4357142857142857,1.9160714285714284
2026-03-08 23:35:49,yaw_0_Plexi,yaw,60,Metal,torque_z,Tz,10,-0.7857988165680473,0.1434991152536094,-0.7431952662721893,-0.8884615384615384,-0.6636094674556213,-1.0686390532544379,-0.6236686390532544,0.2248520710059171
2026-03-08 23:35:49,yaw_0_Plexi,yaw,60,Metal,torque_z,peak_signal,10,0.7857988165680473,0.1434991152536094,0.7431952662721893,0.6636094674556213,0.8884615384615384,0.6236686390532544,1.0686390532544379,0.2248520710059171
2026-03-08 23:42:16,yaw_0_Plexi,yaw,90,Metal,torque_z,Fx,10,0.7142857142857142,0.4175651426323402,0.8743331357439241,0.5483106105512744,0.9410195613515115,-0.1778304682868998,1.2744516893894486,0.39270895080023716
2026-03-08 23:42:16,yaw_0_Plexi,yaw,90,Metal,torque_z,Fy,10,1.4602639707947207,0.5603748739335124,1.7130019657399607,1.1373209772535806,1.8604324627913509,0.11232799775344005,1.9657399606852008,0.7231114855377703
2026-03-08 23:42:16,yaw_0_Plexi,yaw,90,Metal,torque_z,Fz,10,-15.87,8.583478315927639,-18.15,-22.95,-12.475,-26.0,-0.5,10.475
2026-03-08 23:42:16,yaw_0_Plexi,yaw,90,Metal,torque_z,F_total,10,16.037890735309073,8.452811151090426,18.270504959228717,12.532058508674744,23.043320468917976,1.4180226025627367,26.082679763495698,10.511261960243232
2026-03-08 23:42:16,yaw_0_Plexi,yaw,90,Metal,torque_z,Tx,10,-1.6712962962962963,2.2193509614268496,-2.1527777777777777,-3.2175925925925926,-0.9212962962962963,-4.277777777777778,3.6944444444444446,2.2962962962962963
2026-03-08 23:42:16,yaw_0_Plexi,yaw,90,Metal,torque_z,Ty,10,0.12000000000000002,0.7332399445792153,0.3607142857142857,0.019642857142857142,0.6607142857142857,-1.3071428571428572,0.8214285714285714,0.6410714285714285
2026-03-08 23:42:16,yaw_0_Plexi,yaw,90,Metal,torque_z,Tz,10,-0.6853254437869822,0.1437365192574365,-0.6585798816568047,-0.7890532544378699,-0.5763313609467455,-0.9538461538461539,-0.5076923076923077,0.21272189349112436
2026-03-08 23:42:16,yaw_0_Plexi,yaw,90,Metal,torque_z,peak_signal,10,0.6853254437869822,0.1437365192574365,0.6585798816568047,0.5763313609467455,0.7890532544378699,0.5076923076923077,0.9538461538461539,0.21272189349112436
2026-03-08 23:43:20,yaw_0_Plexi,z,90,Metal,force_z,Fx,10,0.5245998814463545,1.1500352892651695,0.8002371072910492,-0.07409602845287491,1.444872554831061,-1.7486662714878483,1.867219917012448,1.518968583283936
2026-03-08 23:43:20,yaw_0_Plexi,z,90,Metal,force_z,Fy,10,-0.5784891884302162,0.3865127893082899,-0.5475989890480202,-0.8845829823083404,-0.4212299915754002,-1.1513619769727605,0.02808199943836001,0.46335299073294023
2026-03-08 23:43:20,yaw_0_Plexi,z,90,Metal,force_z,Fz,10,36.71,9.30219866483188,35.2,28.45,43.55,26.0,55.7,15.099999999999998
2026-03-08 23:43:20,yaw_0_Plexi,z,90,Metal,force_z,F_total,10,36.742970052229026,9.283909727081545,35.236576199247565,28.47943890436855,43.564870934752605,26.06697717068821,55.70945743391219,15.085432030384055
2026-03-08 23:43:20,yaw_0_Plexi,z,90,Metal,force_z,Tx,10,4.5777777777777775,4.444587574855784,3.324074074074074,1.6898148148148149,8.319444444444445,-1.0740740740740742,12.675925925925926,6.62962962962963
2026-03-08 23:43:20,yaw_0_Plexi,z,90,Metal,force_z,Ty,10,0.45928571428571424,2.2191491520814175,0.8071428571428572,-0.2714285714285714,2.117857142857143,-4.321428571428571,3.25,2.3892857142857142
2026-03-08 23:43:20,yaw_0_Plexi,z,90,Metal,force_z,Tz,10,-0.10520710059171598,0.21928994082840236,-0.026627218934911243,-0.14615384615384616,0.03431952662721893,-0.6804733727810651,0.11479289940828402,0.1804733727810651
2026-03-08 23:43:20,yaw_0_Plexi,z,90,Metal,force_z,peak_signal,10,36.71,9.30219866483188,35.2,28.45,43.55,26.0,55.7,15.099999999999998
2026-03-08 23:44:06,yaw_0_Plexi,xy,90,Metal,force_y,Fx,10,-0.3289863663307646,0.2602279524511066,-0.2963841138114997,-0.2963841138114997,-0.20746887966804978,-0.8298755186721991,0.0889152341434499,0.08891523414344993
2026-03-08 23:44:06,yaw_0_Plexi,xy,90,Metal,force_y,Fy,10,7.5035102499297945,0.6402203186333262,7.399606852007863,6.943274361134513,8.024431339511374,6.739679865206403,8.480763830384724,1.0811569783768604
2026-03-08 23:44:06,yaw_0_Plexi,xy,90,Metal,force_y,Fz,10,-19.9,4.231075513389001,-22.049999999999997,-23.4,-16.025,-24.7,-12.1,7.375
2026-03-08 23:44:06,yaw_0_Plexi,xy,90,Metal,force_y,F_total,10,21.306206081817574,4.104397780768904,23.562226863944918,17.450355463258955,24.771128945672377,13.853560128298733,25.73646102825596,7.320773482413422
2026-03-08 23:44:06,yaw_0_Plexi,xy,90,Metal,force_y,Tx,10,-18.307407407407403,1.8812609232054167,-18.671296296296298,-19.86111111111111,-16.60185185185185,-21.35185185185185,-15.203703703703704,3.2592592592592595
2026-03-08 23:44:06,yaw_0_Plexi,xy,90,Metal,force_y,Ty,10,-1.25,0.5072132747892637,-1.0357142857142856,-1.3785714285714286,-0.8839285714285714,-2.5785714285714287,-0.8571428571428571,0.49464285714285716
2026-03-08 23:44:06,yaw_0_Plexi,xy,90,Metal,force_y,Tz,10,0.06946745562130177,0.07779937821915237,0.09822485207100592,0.06360946745562131,0.1091715976331361,-0.1301775147928994,0.14201183431952663,0.04556213017751479
2026-03-08 23:44:06,yaw_0_Plexi,xy,90,Metal,force_y,peak_signal,10,7.5035102499297945,0.6402203186333262,7.399606852007863,6.943274361134513,8.024431339511374,6.739679865206403,8.480763830384724,1.0811569783768604
2026-03-08 23:46:03,yaw_0_Plexi,roll_pitch,90,Metal,torque_x,Fx,10,0.4179016004742146,0.20208528670694473,0.5334914048606995,0.20005927682276228,0.5853586247777119,0.0889152341434499,0.6224066390041494,0.3852993479549497
2026-03-08 23:46:03,yaw_0_Plexi,roll_pitch,90,Metal,torque_x,Fy,10,-0.5869137882617241,0.48695353046734374,-0.8565009828699803,-1.0109519797809605,-0.16849199663016007,-1.0390339792193204,0.19657399606852008,0.8424599831508004
2026-03-08 23:46:03,yaw_0_Plexi,roll_pitch,90,Metal,torque_x,Fz,10,8.069999999999999,9.588852903241346,14.6,-2.225,14.95,-6.9,20.1,17.175
2026-03-08 23:46:03,yaw_0_Plexi,roll_pitch,90,Metal,torque_x,F_total,10,10.887208320734388,6.27190295902293,14.6458289598922,4.355608785049022,14.985234204647071,1.134096116015341,20.10597057874895,10.62962541959805
2026-03-08 23:46:03,yaw_0_Plexi,roll_pitch,90,Metal,torque_x,Tx,10,0.6166666666666663,5.820183885960333,5.018518518518518,-6.018518518518519,5.37962962962963,-7.62962962962963,5.833333333333333,11.398148148148149
2026-03-08 23:46:03,yaw_0_Plexi,roll_pitch,90,Metal,torque_x,Ty,10,1.1007142857142855,0.7760276267962503,1.3857142857142857,0.3035714285714286,1.7125000000000001,-0.05714285714285714,1.9857142857142858,1.4089285714285715
2026-03-08 23:46:03,yaw_0_Plexi,roll_pitch,90,Metal,torque_x,Tz,10,-0.08994082840236686,0.023020717473681094,-0.0863905325443787,-0.11390532544378698,-0.07011834319526628,-0.11715976331360947,-0.06153846153846154,0.043786982248520706
2026-03-08 23:46:03,yaw_0_Plexi,roll_pitch,90,Metal,torque_x,peak_signal,10,5.788888888888889,0.862312980459451,5.430555555555555,5.136574074074074,6.243055555555555,4.935185185185185,7.62962962962963,1.106481481481481
2026-03-08 23:49:28,yaw_0_Plexi,roll_pitch,90,Wood,torque_x,Fx,10,0.871369294605809,0.16828772455931698,0.8891523414344991,0.7780082987551866,1.0151155898043864,0.5631298162418494,1.0966212211025488,0.2371072910491998
2026-03-08 23:49:28,yaw_0_Plexi,roll_pitch,90,Wood,torque_x,Fy,10,-2.681830946363381,0.7259346225616716,-2.8362819432743613,-3.117101937657961,-2.730974445380511,-3.3136759337264814,-0.6458859870822803,0.38612749227745
2026-03-08 23:49:28,yaw_0_Plexi,roll_pitch,90,Wood,torque_x,Fz,10,31.689999999999998,6.179878639585085,33.7,25.650000000000002,36.15,21.4,39.7,10.499999999999996
2026-03-08 23:49:28,yaw_0_Plexi,roll_pitch,90,Wood,torque_x,F_total,10,31.824206845976487,6.178483805225067,33.852620769599774,25.876287058647996,36.27093561098623,21.423608264212806,39.814689039750895,10.394648552338232
2026-03-08 23:49:28,yaw_0_Plexi,roll_pitch,90,Wood,torque_x,Tx,10,2.312962962962963,6.51799740130792,6.351851851851851,-3.2083333333333335,6.6157407407407405,-9.11111111111111,6.962962962962963,9.824074074074074
2026-03-08 23:49:28,yaw_0_Plexi,roll_pitch,90,Wood,torque_x,Ty,10,0.795,1.339585871126763,1.4392857142857143,-0.10178571428571426,1.7892857142857141,-1.707142857142857,2.142857142857143,1.8910714285714283
2026-03-08 23:49:28,yaw_0_Plexi,roll_pitch,90,Wood,torque_x,Tz,10,-0.022603550295857987,0.043088788274229226,-0.033136094674556214,-0.05739644970414201,0.0121301775147929,-0.08165680473372781,0.04970414201183432,0.0695266272189349
2026-03-08 23:49:28,yaw_0_Plexi,roll_pitch,90,Wood,torque_x,peak_signal,10,6.866666666666665,0.8264240318287505,6.583333333333333,6.3657407407407405,6.953703703703703,6.138888888888889,9.11111111111111,0.5879629629629628
2026-03-08 23:50:43,yaw_0_Plexi,z,90,Wood,force_z,Fx,10,0.7202133965619442,0.7886324037386964,0.5779490219324244,0.21487848251333727,1.192946058091286,-0.5631298162418494,2.2821576763485476,0.9780675755779488
2026-03-08 23:50:43,yaw_0_Plexi,z,90,Wood,force_z,Fy,10,-0.16287559674248808,1.1063595014653176,-0.014040999719180006,-0.6529064869418704,0.5054759898904801,-2.7520359449592813,1.5725919685481606,1.1583824768323505
2026-03-08 23:50:43,yaw_0_Plexi,z,90,Wood,force_z,Fz,10,30.860000000000003,12.886132080651667,35.1,18.45,37.725,12.2,49.6,19.275000000000002
2026-03-08 23:50:43,yaw_0_Plexi,z,90,Wood,force_z,F_total,10,30.90389766063013,12.873706443468825,35.10491791418506,18.45127548347142,37.75050730029689,12.313819906490542,49.72868332765372,19.29923181682547
2026-03-08 23:50:43,yaw_0_Plexi,z,90,Wood,force_z,Tx,10,1.900925925925926,7.436655278769736,1.537037037037037,-0.5092592592592593,2.8379629629629632,-11.203703703703704,18.953703703703702,3.3472222222222223
2026-03-08 23:50:43,yaw_0_Plexi,z,90,Wood,force_z,Ty,10,0.777142857142857,1.8879688902660032,0.5,-0.39285714285714285,2.507142857142857,-2.107142857142857,3.6714285714285713,2.9
2026-03-08 23:50:43,yaw_0_Plexi,z,90,Wood,force_z,Tz,10,-0.006272189349112428,0.0479108739214969,0.00650887573964497,-0.010650887573964499,0.017159763313609466,-0.1289940828402367,0.054437869822485205,0.027810650887573965
2026-03-08 23:50:43,yaw_0_Plexi,z,90,Wood,force_z,peak_signal,10,30.860000000000003,12.886132080651667,35.1,18.45,37.725,12.2,49.6,19.275000000000002
2026-03-08 23:51:24,yaw_0_Plexi,xy,90,Wood,force_y,Fx,10,-1.4433906342620033,0.7966119120419488,-1.793123888559573,-2.0080023710729105,-0.7039122703023117,-2.2821576763485476,-0.14819205690574985,1.3040901007705987
2026-03-08 23:51:24,yaw_0_Plexi,xy,90,Wood,force_y,Fy,10,9.612468407750633,0.7363751400744772,9.421510811569783,9.063465318730694,9.814658803706825,8.845829823083404,11.120471777590565,0.751193484976131
2026-03-08 23:51:24,yaw_0_Plexi,xy,90,Wood,force_y,Fz,10,-22.64,10.933087395607885,-21.65,-32.275,-15.275,-38.9,-4.9,17.0
2026-03-08 23:51:24,yaw_0_Plexi,xy,90,Wood,force_y,F_total,10,25.162010593245533,9.72805156255894,24.01191565397059,17.84130082902489,33.82606445324474,10.113390437666379,39.9501253380251,15.984763624219852
2026-03-08 23:51:24,yaw_0_Plexi,xy,90,Wood,force_y,Tx,10,-26.93611111111111,3.3878576907110918,-28.39814814814815,-29.314814814814817,-24.083333333333332,-31.63888888888889,-20.712962962962962,5.2314814814814845
2026-03-08 23:51:24,yaw_0_Plexi,xy,90,Wood,force_y,Ty,10,-1.9642857142857142,1.5629315730513655,-2.585714285714286,-3.0535714285714284,-1.3535714285714286,-3.592857142857143,0.95,1.6999999999999997
2026-03-08 23:51:24,yaw_0_Plexi,xy,90,Wood,force_y,Tz,10,0.12662721893491125,0.15638595412256848,0.0952662721893491,0.029881656804733727,0.16597633136094675,-0.047337278106508875,0.5431952662721894,0.13609467455621302
2026-03-08 23:51:24,yaw_0_Plexi,xy,90,Wood,force_y,peak_signal,10,9.612468407750633,0.7363751400744772,9.421510811569783,9.063465318730694,9.814658803706825,8.845829823083404,11.120471777590565,0.751193484976131
2026-03-08 23:53:05,yaw_0_Plexi,yaw,90,Wood,torque_z,Fx,10,-0.26674570243034973,0.39297448829797793,-0.3112033195020747,-0.5409010077059869,0.05927682276229994,-0.918790752815649,0.3556609365737996,0.6001778304682869
2026-03-08 23:53:05,yaw_0_Plexi,yaw,90,Wood,torque_z,Fy,10,0.13760179724796404,0.6140204791994432,0.15445099691098008,-0.21763549564729012,0.30188149396237013,-1.0671159786576805,1.2917719741645606,0.5195169896096603
2026-03-08 23:53:05,yaw_0_Plexi,yaw,90,Wood,torque_z,Fz,10,-4.450000000000001,9.532182331449603,-4.55,-11.175,3.1000000000000005,-21.1,12.4,14.275000000000002
2026-03-08 23:53:05,yaw_0_Plexi,yaw,90,Wood,torque_z,F_total,10,9.14935114706449,5.251277102706545,7.147630383711684,5.345594197368451,12.335850159436404,3.8419135742051695,21.14249676682112,6.990255962067954
2026-03-08 23:53:05,yaw_0_Plexi,yaw,90,Wood,torque_z,Tx,10,-0.9731481481481481,1.688028990399153,-1.5694444444444444,-1.9768518518518519,-0.19212962962962965,-3.138888888888889,3.0925925925925926,1.7847222222222223
2026-03-08 23:53:05,yaw_0_Plexi,yaw,90,Wood,torque_z,Ty,10,-0.1935714285714286,0.7287286244983555,-0.26071428571428573,-0.7142857142857143,-0.11249999999999999,-1.1428571428571428,1.4928571428571429,0.6017857142857144
2026-03-08 23:53:05,yaw_0_Plexi,yaw,90,Wood,torque_z,Tz,10,0.3248520710059172,0.3907090330990813,0.46094674556213017,0.42573964497041417,0.5355029585798816,-0.450887573964497,0.685207100591716,0.10976331360946745
2026-03-08 23:53:05,yaw_0_Plexi,yaw,90,Wood,torque_z,peak_signal,10,0.5014201183431952,0.08222093105011949,0.46094674556213017,0.4514792899408284,0.5355029585798816,0.4165680473372781,0.685207100591716,0.0840236686390532
2026-03-08 23:56:24,yaw_0_Plexi,yaw,90,Plexi,torque_z,Fx,10,0.6787196206283342,0.34524614898346745,0.7705986959098992,0.34084173088322467,0.8743331357439241,0.20746887966804978,1.3040901007705987,0.5334914048606995
2026-03-08 23:56:24,yaw_0_Plexi,yaw,90,Plexi,torque_z,Fy,10,0.6823925863521483,0.49619391146174296,0.5756809884863803,0.34400449311991016,1.0881774782364504,-0.08424599831508003,1.6006739679865207,0.7441729851165402
2026-03-08 23:56:24,yaw_0_Plexi,yaw,90,Plexi,torque_z,Fz,10,-8.52,4.296230906271217,-10.3,-12.4,-3.95,-13.6,-2.5,8.45
2026-03-08 23:56:24,yaw_0_Plexi,yaw,90,Plexi,torque_z,F_total,10,8.62159521912269,4.2435620820361075,10.365460687275974,4.052874876525569,12.442807287588522,2.820948134787305,13.650226288895336,8.389932411062954
2026-03-08 23:56:24,yaw_0_Plexi,yaw,90,Plexi,torque_z,Tx,10,-0.275,1.1483053207833573,-0.12499999999999997,-0.962962962962963,0.7106481481481481,-2.2962962962962963,1.25,1.6736111111111112
2026-03-08 23:56:24,yaw_0_Plexi,yaw,90,Plexi,torque_z,Ty,10,0.04428571428571428,0.5220524643272973,0.0,-0.16607142857142856,0.5410714285714286,-0.8642857142857143,0.7571428571428571,0.7071428571428572
2026-03-08 23:56:24,yaw_0_Plexi,yaw,90,Plexi,torque_z,Tz,10,-0.5629585798816568,0.063129300943799,-0.5633136094674556,-0.6144970414201183,-0.5159763313609467,-0.6650887573964497,-0.4757396449704142,0.09852071005917162
2026-03-08 23:56:24,yaw_0_Plexi,yaw,90,Plexi,torque_z,peak_signal,10,0.5629585798816568,0.063129300943799,0.5633136094674556,0.5159763313609467,0.6144970414201183,0.4757396449704142,0.6650887573964497,0.09852071005917162
2026-03-08 23:58:47,yaw_0_Plexi,z,90,Plexi,force_z,Fx,10,0.6401896858328394,1.455979228958455,0.844694724362774,0.481624184943687,1.5560165975103735,-3.1713100177830467,2.2525192649673977,1.0743924125666866
2026-03-08 23:58:47,yaw_0_Plexi,z,90,Plexi,force_z,Fy,10,-0.06178039876439203,0.6274049117805526,-0.14040999719180006,-0.42825049143499017,-0.07020499859590003,-0.9547879809042404,1.1794439764111204,0.35804549283909015
2026-03-08 23:58:47,yaw_0_Plexi,z,90,Plexi,force_z,Fz,10,35.25,16.016756850249052,42.5,19.3,46.775,10.6,52.7,27.474999999999998
2026-03-08 23:58:47,yaw_0_Plexi,z,90,Plexi,force_z,F_total,10,35.32810325828639,15.935849279591508,42.53186791491141,19.3518149269661,46.794106022226465,11.011725620116833,52.72132130719307,27.442291095260366
2026-03-08 23:58:47,yaw_0_Plexi,z,90,Plexi,force_z,Tx,10,1.9148148148148145,2.8271622459426347,2.305555555555556,0.9791666666666666,3.4930555555555554,-3.5185185185185186,7.12962962962963,2.513888888888889
2026-03-08 23:58:47,yaw_0_Plexi,z,90,Plexi,force_z,Ty,10,1.4185714285714286,2.1159554217749426,2.1642857142857146,1.8589285714285715,2.585714285714286,-4.071428571428571,3.2857142857142856,0.7267857142857144
2026-03-08 23:58:47,yaw_0_Plexi,z,90,Plexi,force_z,Tz,10,0.02,0.03441508833900422,-0.0029585798816568047,-0.006804733727810651,0.04585798816568047,-0.011834319526627219,0.09112426035502959,0.052662721893491124
2026-03-08 23:58:47,yaw_0_Plexi,z,90,Plexi,force_z,peak_signal,10,35.25,16.016756850249052,42.5,19.3,46.775,10.6,52.7,27.474999999999998
2026-03-08 23:59:48,yaw_0_Plexi,xy,90,Plexi,force_y,Fx,10,-0.3378778897451097,0.4729532722067266,-0.3704801422643746,-0.6890930646117368,0.10373443983402489,-1.2448132780082988,0.3556609365737996,0.7928275044457617
2026-03-08 23:59:48,yaw_0_Plexi,xy,90,Plexi,force_y,Fy,10,6.554338668913227,0.6070130583959176,6.430777871384443,6.220162875596743,6.6905363661892725,5.812973883740522,7.975287840494243,0.47037349059252964
2026-03-08 23:59:48,yaw_0_Plexi,xy,90,Plexi,force_y,Fz,10,-13.339999999999998,8.355261815167733,-14.45,-21.1,-4.3,-25.3,-2.7,16.8
2026-03-08 23:59:48,yaw_0_Plexi,xy,90,Plexi,force_y,F_total,10,15.46699076391235,7.225224094448156,15.951508401482002,7.728056901486792,22.35769959883556,6.495667559159447,26.135886404826667,14.629642697348768
2026-03-08 23:59:48,yaw_0_Plexi,xy,90,Plexi,force_y,Tx,10,-13.885185185185184,3.182328607091301,-14.37037037037037,-16.699074074074073,-10.574074074074074,-18.09259259259259,-9.296296296296296,6.124999999999998
2026-03-08 23:59:48,yaw_0_Plexi,xy,90,Plexi,force_y,Ty,10,-1.1635714285714287,0.6775590191930118,-1.282142857142857,-1.4714285714285713,-0.7196428571428571,-2.5714285714285716,-0.03571428571428571,0.7517857142857142
2026-03-08 23:59:48,yaw_0_Plexi,xy,90,Plexi,force_y,Tz,10,0.07360946745562129,0.127459302304369,0.04792899408284024,-0.027810650887573965,0.20769230769230768,-0.1467455621301775,0.23076923076923078,0.23550295857988163
2026-03-08 23:59:48,yaw_0_Plexi,xy,90,Plexi,force_y,peak_signal,10,6.554338668913227,0.6070130583959176,6.430777871384443,6.220162875596743,6.6905363661892725,5.812973883740522,7.975287840494243,0.47037349059252964
2026-03-09 00:02:12,yaw_0_Plexi,roll_pitch,90,Plexi,torque_x,Fx,10,0.041493775933609964,0.5282293344093469,-0.10373443983402489,-0.43716656787196206,0.5409010077059869,-0.5334914048606995,0.8891523414344991,0.978067575577949
2026-03-09 00:02:12,yaw_0_Plexi,roll_pitch,90,Plexi,torque_x,Fy,10,-1.2075259758494805,0.42754786505292347,-1.1794439764111204,-1.6568379668632407,-0.8705419825891604,-1.7691659646166806,-0.5897219882055602,0.7862959842740803
2026-03-09 00:02:12,yaw_0_Plexi,roll_pitch,90,Plexi,torque_x,Fz,10,1.7499999999999996,1.3124404748406686,1.9500000000000002,0.575,2.925,-0.3,3.4,2.3499999999999996
2026-03-09 00:02:12,yaw_0_Plexi,roll_pitch,90,Plexi,torque_x,F_total,10,2.3563091092389046,1.0744633563561314,2.2433134901732497,1.7073037240188764,3.4071634663827632,0.7279734662032551,3.849188595493318,1.6998597423638868
2026-03-09 00:02:12,yaw_0_Plexi,roll_pitch,90,Plexi,torque_x,Tx,10,8.174074074074074,0.40922993023784204,8.337962962962962,7.780092592592593,8.405092592592592,7.62037037037037,8.851851851851851,0.6249999999999991
2026-03-09 00:02:12,yaw_0_Plexi,roll_pitch,90,Plexi,torque_x,Ty,10,1.6514285714285717,0.7999859692647167,1.3321428571428573,1.0089285714285714,2.5446428571428568,0.5642857142857143,2.6785714285714284,1.5357142857142854
2026-03-09 00:02:12,yaw_0_Plexi,roll_pitch,90,Plexi,torque_x,Tz,10,-0.13100591715976334,0.03299653620551057,-0.12248520710059171,-0.16301775147928993,-0.11242603550295859,-0.17514792899408285,-0.08047337278106509,0.050591715976331345
2026-03-09 00:02:12,yaw_0_Plexi,roll_pitch,90,Plexi,torque_x,peak_signal,10,8.174074074074074,0.40922993023784204,8.337962962962962,7.780092592592593,8.405092592592592,7.62037037037037,8.851851851851851,0.6249999999999991
2026-03-09 00:06:53,yaw_0_Plexi,roll_pitch,0,Plexi,torque_x|torque_y,Fx,10,-0.25192649673977474,0.2174942478833116,-0.1926496739774748,-0.3778897451096621,-0.06668642560758743,-0.6520450503852994,-0.02963841138114997,0.3112033195020747
2026-03-09 00:06:53,yaw_0_Plexi,roll_pitch,0,Plexi,torque_x|torque_y,Fy,10,0.8003369839932603,0.45907842528143267,0.9126649817467003,0.35804549283909015,1.2075259758494805,0.02808199943836001,1.2917719741645606,0.8494804830103904
2026-03-09 00:06:53,yaw_0_Plexi,roll_pitch,0,Plexi,torque_x|torque_y,Fz,10,-2.2,1.0648943609579309,-2.1,-2.4,-1.5499999999999998,-4.2,-0.6,0.8500000000000001
2026-03-09 00:06:53,yaw_0_Plexi,roll_pitch,0,Plexi,torque_x|torque_y,F_total,10,2.4292657235350563,1.017217302539585,2.4622072221990345,1.7766350740288852,2.664208412994153,0.9687116126676995,4.370239972562198,0.8875733389652678
2026-03-09 00:06:53,yaw_0_Plexi,roll_pitch,0,Plexi,torque_x|torque_y,Tx,10,8.310185185185187,0.4982866735660286,8.166666666666666,8.078703703703704,8.416666666666666,7.694444444444445,9.574074074074074,0.3379629629629619
2026-03-09 00:06:53,yaw_0_Plexi,roll_pitch,0,Plexi,torque_x|torque_y,Ty,10,-0.5549999999999999,0.41118358281369916,-0.6607142857142857,-0.9071428571428571,-0.3964285714285714,-0.9714285714285714,0.32142857142857145,0.5107142857142857
2026-03-09 00:06:53,yaw_0_Plexi,roll_pitch,0,Plexi,torque_x|torque_y,Tz,10,-0.06201183431952663,0.06070717549698915,-0.06627218934911243,-0.10887573964497041,-0.058579881656804736,-0.12781065088757396,0.07692307692307693,0.050295857988165674
2026-03-09 00:06:53,yaw_0_Plexi,roll_pitch,0,Plexi,torque_x|torque_y,peak_signal,10,8.310185185185187,0.4982866735660286,8.166666666666666,8.078703703703704,8.416666666666666,7.694444444444445,9.574074074074074,0.3379629629629619
