timestamp,method,trial,peak_variables,Fx,Fy,Fz,F_total,Tx,Ty,Tz,peak_signal
2026-03-07 20:46:04,z_0,1,force_z,-1.7486662714878483,-0.33698399326032014,64.8,64.82446599811489,13.731481481481481,5.107142857142857,0.18579881656804734,64.8
2026-03-07 20:46:04,z_0,2,force_z,-1.4522821576763485,-0.4773939904521202,63.9,63.91828399204429,13.99074074074074,5.064285714285714,0.17514792899408285,63.9
2026-03-07 20:46:04,z_0,3,force_z,-0.8298755186721991,-0.39314799213704016,49.9,49.908448770926675,5.092592592592593,1.25,0.015384615384615385,49.9
2026-03-07 20:46:04,z_0,4,force_z,-0.11855364552459988,-0.6739679865206403,49.0,49.00477821410604,3.259259259259259,1.6785714285714286,0.047337278106508875,49.0
2026-03-07 20:46:04,z_0,5,force_z,-0.3260225251926497,0.05616399887672002,48.3,48.30113295857254,-0.39814814814814814,-1.8857142857142857,0.001183431952662722,48.3
2026-03-07 20:46:04,z_0,6,force_z,-0.14819205690574985,-0.6178039876439203,48.1,48.10419568658101,3.175925925925926,1.4,0.03550295857988166,48.1
2026-03-07 20:46:04,z_0,7,force_z,-0.23710729104919975,-0.3650659926986802,47.9,47.90197796590965,4.175925925925926,1.9428571428571428,0.015384615384615385,47.9
2026-03-07 20:46:04,z_0,8,force_z,0.23710729104919975,-0.4212299915754002,47.3,47.30246985700927,-1.7962962962962963,-0.9857142857142858,-0.06035502958579882,47.3
2026-03-07 20:46:04,z_0,9,force_z,-0.20746887966804978,-0.30890199382196015,46.7,46.701482458031435,2.638888888888889,0.1,0.03076923076923077,46.7
2026-03-07 20:46:04,z_0,10,force_z,0.11855364552459988,-1.0951979780960404,45.9,45.91321719916927,3.8981481481481484,0.5357142857142857,0.020118343195266272,45.9
2026-03-07 20:47:07,z_0,1,force_z,-1.5115589804386484,0.4212299915754002,50.0,50.02461639290348,1.3888888888888888,-2.942857142857143,-0.036686390532544376,50.0
2026-03-07 20:47:07,z_0,2,force_z,-1.6597510373443982,0.11232799775344005,48.9,48.92828825010175,1.1666666666666667,-2.1357142857142857,-0.046153846153846156,48.9
2026-03-07 20:47:07,z_0,3,force_z,0.05927682276229994,0.2808199943836001,47.8,47.80086164088428,3.175925925925926,4.321428571428571,0.040236686390532544,47.8
2026-03-07 20:47:07,z_0,4,force_z,-1.1262596324836989,-1.0109519797809605,47.5,47.52410424895124,2.712962962962963,1.042857142857143,0.04378698224852071,47.5
2026-03-07 20:47:07,z_0,5,force_z,-0.6224066390041494,-0.2808199943836001,44.9,44.90519179219171,4.055555555555555,3.7214285714285715,0.040236686390532544,44.9
2026-03-07 20:47:07,z_0,6,force_z,-0.23710729104919975,-1.3198539736029204,44.8,44.82006508673435,4.203703703703703,2.4357142857142855,0.0485207100591716,44.8
2026-03-07 20:47:07,z_0,7,force_z,-0.6520450503852994,-0.5616399887672002,42.6,42.608691627703315,1.7222222222222223,-0.65,0.002366863905325444,42.6
2026-03-07 20:47:07,z_0,8,force_z,-1.0966212211025488,-0.4212299915754002,39.8,39.8173330700133,3.75,-0.8071428571428572,-0.0035502958579881655,39.8
2026-03-07 20:47:07,z_0,9,force_z,-1.5708358032009484,-0.16849199663016007,33.3,33.337455131931506,0.7870370370370371,-2.1214285714285714,-0.001183431952662722,33.3
2026-03-07 20:47:07,z_0,10,force_z,-1.1855364552459988,-0.2246559955068801,32.8,32.822187114862324,-0.6296296296296297,-2.192857142857143,-0.01301775147928994,32.8
2026-03-07 20:48:17,z_0,1,force_z,-1.0966212211025488,0.4773939904521202,61.8,61.811572404564274,10.175925925925926,5.785714285714286,0.07692307692307693,61.8
2026-03-07 20:48:17,z_0,2,force_z,-0.2963841138114997,-0.5335579893288402,60.1,60.10309915196467,8.537037037037036,1.6357142857142857,0.01775147928994083,60.1
2026-03-07 20:48:17,z_0,3,force_z,5.453467694131594,0.30890199382196015,56.7,56.96249406699749,14.24074074074074,12.707142857142857,-0.010650887573964497,56.7
2026-03-07 20:48:17,z_0,4,force_z,-0.41493775933609955,-0.30890199382196015,49.7,49.702692017494485,4.527777777777778,0.9857142857142858,-0.023668639053254437,49.7
2026-03-07 20:48:17,z_0,5,force_z,-2.045050385299348,-0.02808199943836001,49.4,49.44232012837894,1.8796296296296295,-1.0857142857142856,-0.014201183431952662,49.4
2026-03-07 20:48:17,z_0,6,force_z,0.0,-0.6178039876439203,48.8,48.803910517161924,10.194444444444445,2.65,0.020118343195266272,48.8
2026-03-07 20:48:17,z_0,7,force_z,-0.5927682276229994,-0.4773939904521202,47.8,47.80605902177881,2.935185185185185,0.75,0.004733727810650888,47.8
2026-03-07 20:48:17,z_0,8,force_z,0.26674570243034973,-0.7020499859590003,47.7,47.70591187109361,7.277777777777778,2.2071428571428573,0.03550295857988166,47.7
2026-03-07 20:48:17,z_0,9,force_z,-0.8002371072910491,-0.2808199943836001,46.5,46.50773311286125,2.4074074074074074,1.55,0.03076923076923077,46.5
2026-03-07 20:48:17,z_0,10,force_z,0.05927682276229994,-0.39314799213704016,46.0,46.00171821883872,-0.1388888888888889,0.02857142857142857,0.054437869822485205,46.0
2026-03-07 20:49:48,z_0,1,force_z,-1.3633669235328985,0.5897219882055602,64.5,64.51710270456631,5.75,6.0,0.11715976331360947,64.5
2026-03-07 20:49:48,z_0,2,force_z,-0.11855364552459988,0.3650659926986802,54.4,54.4013541021351,4.398148148148148,1.042857142857143,0.010650887573964497,54.4
2026-03-07 20:49:48,z_0,3,force_z,-0.4742145820983995,-0.39314799213704016,54.2,54.203500300382785,4.712962962962963,0.14285714285714285,-0.0485207100591716,54.2
2026-03-07 20:49:48,z_0,4,force_z,-0.4742145820983995,0.39314799213704016,48.2,48.20393598881316,-3.361111111111111,-1.4785714285714286,0.005917159763313609,48.2
2026-03-07 20:49:48,z_0,5,force_z,-0.11855364552459988,-0.2808199943836001,45.1,45.10103008619773,5.324074074074074,2.0214285714285714,0.015384615384615385,45.1
2026-03-07 20:49:48,z_0,6,force_z,-0.1778304682868998,-0.16849199663016007,43.3,43.30069298785389,4.62962962962963,1.5714285714285714,0.01775147928994083,43.3
2026-03-07 20:49:48,z_0,7,force_z,0.3556609365737996,-0.8143779837124403,43.2,43.20913915136658,1.4351851851851851,3.642857142857143,0.022485207100591716,43.2
2026-03-07 20:49:48,z_0,8,force_z,-0.6816834617664492,0.3650659926986802,41.2,41.207256224129644,0.5,-0.30714285714285716,-0.06153846153846154,41.2
2026-03-07 20:49:48,z_0,9,force_z,-0.11855364552459988,-0.2808199943836001,39.9,39.90116432932895,4.018518518518518,1.0714285714285714,0.0,39.9
2026-03-07 20:49:48,z_0,10,force_z,-0.3852993479549496,-0.7582139848357203,36.1,36.1100172256167,2.537037037037037,1.8785714285714286,0.01775147928994083,36.1
2026-03-07 20:52:11,yaw_0,1,torque_z,0.948429164196799,0.7862959842740803,-18.0,18.042111274858733,2.8518518518518516,-1.1285714285714286,-1.1266272189349111,1.1266272189349111
2026-03-07 20:52:11,yaw_0,2,torque_z,1.1262596324836989,0.6178039876439203,-8.1,8.201228110893577,4.453703703703703,-0.5214285714285715,-1.1254437869822485,1.1254437869822485
2026-03-07 20:52:11,yaw_0,3,torque_z,0.8891523414344991,0.8143779837124403,-19.3,19.337626622381404,4.666666666666667,-1.2714285714285714,-1.0899408284023668,1.0899408284023668
2026-03-07 20:52:11,yaw_0,4,torque_z,0.918790752815649,0.8986239820275204,-20.7,20.739857798657503,3.5555555555555554,-1.2285714285714286,-1.0792899408284025,1.0792899408284025
2026-03-07 20:52:11,yaw_0,5,torque_z,0.918790752815649,1.0671159786576805,-22.9,22.943254192885675,2.4166666666666665,-1.3857142857142857,-1.063905325443787,1.063905325443787
2026-03-07 20:52:11,yaw_0,6,torque_z,0.8595139300533491,1.1513619769727605,-22.8,22.84522704194411,2.3703703703703702,-1.6571428571428573,-1.0615384615384615,1.0615384615384615
2026-03-07 20:52:11,yaw_0,7,torque_z,0.7113218731475992,1.3479359730412805,-21.8,21.85321281172718,3.564814814814815,-1.4214285714285715,-1.050887573964497,1.050887573964497
2026-03-07 20:52:11,yaw_0,8,torque_z,0.948429164196799,0.4493119910137602,-8.0,8.068543805716605,3.6481481481481484,-0.5142857142857142,-1.0059171597633136,1.0059171597633136
2026-03-07 20:52:11,yaw_0,9,torque_z,0.8595139300533491,0.5054759898904803,-7.9,7.962679836104898,3.5185185185185186,-0.7357142857142858,-0.9988165680473373,0.9988165680473373
2026-03-07 20:52:11,yaw_0,10,torque_z,0.918790752815649,0.9547879809042404,-19.8,19.844288763670487,3.564814814814815,-0.7285714285714285,-0.98698224852071,0.98698224852071
2026-03-07 20:53:26,yaw_0,1,torque_z,1.007705986959099,0.5897219882055602,-13.4,13.450771107246094,3.2777777777777777,0.1,-1.0686390532544379,1.0686390532544379
2026-03-07 20:53:26,yaw_0,2,torque_z,0.7409602845287492,0.3650659926986802,-13.2,13.225819268471575,3.064814814814815,-0.15714285714285714,-1.0272189349112426,1.0272189349112426
2026-03-07 20:53:26,yaw_0,3,torque_z,0.948429164196799,0.39314799213704016,-14.8,14.835568179992988,2.8055555555555554,-0.2642857142857143,-1.016568047337278,1.016568047337278
2026-03-07 20:53:26,yaw_0,4,torque_z,0.918790752815649,0.4773939904521202,-15.8,15.833890282226266,3.5833333333333335,0.04285714285714286,-1.0153846153846153,1.0153846153846153
2026-03-07 20:53:26,yaw_0,5,torque_z,0.978067575577949,0.5054759898904803,-15.9,15.938071469244724,4.064814814814815,0.2857142857142857,-1.008284023668639,1.008284023668639
2026-03-07 20:53:26,yaw_0,6,torque_z,1.007705986959099,0.39314799213704016,-7.3,7.379704377539428,3.6018518518518516,0.45,-0.978698224852071,0.978698224852071
2026-03-07 20:53:26,yaw_0,7,torque_z,0.6816834617664492,0.3650659926986802,-7.2,7.241406322053125,2.9444444444444446,0.2785714285714286,-0.9372781065088758,0.9372781065088758
2026-03-07 20:53:26,yaw_0,8,torque_z,0.5927682276229994,0.4493119910137602,-6.3,6.343757201922853,2.388888888888889,0.17857142857142858,-0.9349112426035503,0.9349112426035503
2026-03-07 20:53:26,yaw_0,9,torque_z,0.7409602845287492,0.30890199382196015,-7.1,7.145239155202302,3.3055555555555554,0.2571428571428571,-0.9301775147928995,0.9301775147928995
2026-03-07 20:53:26,yaw_0,10,torque_z,1.0373443983402488,0.6458859870822803,-16.4,16.445462964266987,4.435185185185185,2.657142857142857,-0.9029585798816568,0.9029585798816568
2026-03-07 20:56:11,roll_pitch_0,1,torque_x|torque_y,-0.3260225251926497,-2.7520359449592813,42.8,42.88962569817182,26.99074074074074,1.6214285714285714,-1.042603550295858,26.99074074074074
2026-03-07 20:56:11,roll_pitch_0,2,torque_x|torque_y,-0.23710729104919975,-2.1903959561920807,38.9,38.96234148908881,23.85185185185185,4.3,0.13609467455621302,23.85185185185185
2026-03-07 20:56:11,roll_pitch_0,3,torque_x|torque_y,8.535862477771191,-0.8143779837124403,50.5,51.22278945684018,23.787037037037038,-1.4428571428571428,-1.7585798816568048,23.787037037037038
2026-03-07 20:56:11,roll_pitch_0,4,torque_x|torque_y,0.0889152341434499,-2.134231957315361,27.0,27.084365452535323,22.194444444444443,4.014285714285714,0.13727810650887573,22.194444444444443
2026-03-07 20:56:11,roll_pitch_0,5,torque_x|torque_y,7.439241256668642,-1.2356079752878406,45.6,46.21935782270796,19.666666666666668,-1.8642857142857143,-1.362130177514793,19.666666666666668
2026-03-07 20:56:11,roll_pitch_0,6,torque_x|torque_y,8.83224659158269,-1.1513619769727605,46.3,47.14895772184728,19.583333333333332,-0.8285714285714286,-1.498224852071006,19.583333333333332
2026-03-07 20:56:11,roll_pitch_0,7,torque_x|torque_y,8.506224066390041,-1.4321819713563606,39.9,40.82177106724684,19.36111111111111,-0.7214285714285714,-1.4461538461538461,19.36111111111111
2026-03-07 20:56:11,roll_pitch_0,8,torque_x|torque_y,7.824540604623592,-0.14040999719180006,44.5,45.1828855944451,18.935185185185187,-1.2,-1.0769230769230769,18.935185185185187
2026-03-07 20:56:11,roll_pitch_0,9,torque_x|torque_y,7.172495554238292,-1.4040999719180005,38.1,38.79466702018086,17.90740740740741,-0.4785714285714286,-1.2449704142011835,17.90740740740741
2026-03-07 20:56:11,roll_pitch_0,10,torque_x|torque_y,9.42501481920569,-1.1232799775344005,39.7,40.81890079669193,17.25,-0.8,-1.6,17.25
2026-03-07 21:20:10,xy_0,1,force_x|force_y,13.278008298755186,0.16849199663016007,-3.6,13.758411751897091,1.2407407407407407,16.214285714285715,0.2319526627218935,13.278008298755186
2026-03-07 21:20:10,xy_0,2,force_x|force_y,12.537048014226437,0.5054759898904803,-4.6,13.363872151714668,1.3240740740740742,15.471428571428572,-0.1136094674556213,12.537048014226437
2026-03-07 21:20:10,xy_0,3,force_x|force_y,-10.52163604030824,-1.0390339792193204,11.5,15.621600960678952,4.833333333333333,-8.65,-0.18461538461538463,10.52163604030824
2026-03-07 21:20:10,xy_0,4,force_x|force_y,-10.314167160640189,-0.9267059814658803,-9.2,13.852105550915828,0.16666666666666666,-11.942857142857143,-0.011834319526627219,10.314167160640189
2026-03-07 21:20:10,xy_0,5,force_x|force_y,9.98814463544754,0.6739679865206403,-25.4,27.301598233537064,-2.259259259259259,10.32857142857143,-0.05680473372781065,9.98814463544754
2026-03-07 21:20:10,xy_0,6,force_x|force_y,-0.26674570243034973,9.941027801179445,-21.1,23.326062398390082,-22.564814814814813,-1.9214285714285715,-0.07100591715976332,9.941027801179445
2026-03-07 21:20:10,xy_0,7,force_x|force_y,-9.869590989922939,-0.5335579893288402,-2.7,10.246146126048792,-0.1388888888888889,-11.692857142857143,-0.016568047337278107,9.869590989922939
2026-03-07 21:20:10,xy_0,8,force_x|force_y,-9.57320687611144,-0.19657399606852008,-6.8,11.744144550743478,-0.9259259259259259,-11.735714285714286,-0.021301775147928994,9.57320687611144
2026-03-07 21:20:10,xy_0,9,force_x|force_y,-9.54356846473029,0.5616399887672002,-11.0,14.573782574128684,-4.962962962962963,-10.971428571428572,0.5183431952662721,9.54356846473029
2026-03-07 21:20:10,xy_0,10,force_x|force_y,9.54356846473029,0.8705419825891604,-18.5,20.834767634520063,-1.9814814814814814,10.278571428571428,0.07100591715976332,9.54356846473029
2026-03-08 00:49:47,z_0_metal,1,force_z|force_total,-2.015411973918198,-1.4040999719180005,41.1,41.17333338649851,4.601851851851852,-0.9642857142857143,-0.03195266272189349,41.17333338649851
2026-03-08 00:49:47,z_0_metal,2,force_z|force_total,-1.837581505631298,-1.5164279696714407,40.7,40.76967328268698,4.287037037037037,-0.8642857142857143,-0.01893491124260355,40.76967328268698
2026-03-08 00:49:47,z_0_metal,3,force_z|force_total,-1.926496739774748,-1.5164279696714407,40.4,40.474324496840765,4.333333333333333,-1.1285714285714286,-0.02603550295857988,40.474324496840765
2026-03-08 00:50:34,z_0_metal,1,force_total,1.066982809721399,-1.2636899747262005,69.8,69.81959155329157,10.342592592592593,7.664285714285715,0.08047337278106509,69.81959155329157
2026-03-08 00:50:34,z_0_metal,2,force_total,1.7190278601066982,-0.5335579893288402,66.7,66.72428149415923,15.712962962962964,10.107142857142858,0.11597633136094675,66.72428149415923
2026-03-08 00:50:34,z_0_metal,3,force_total,-1.3930053349140485,-0.16849199663016007,56.7,56.71735936568299,7.175925925925926,4.864285714285714,0.19763313609467456,56.71735936568299
2026-03-08 00:53:07,yaw_0_metal,1,torque_z,1.0373443983402488,0.11232799775344005,-24.9,24.92185187701442,1.962962962962963,-1.7357142857142858,-0.8840236686390532,0.8840236686390532
2026-03-08 00:53:07,yaw_0_metal,2,torque_z,0.26674570243034973,0.4773939904521202,-23.2,23.20644432677882,0.3611111111111111,-2.6857142857142855,-0.8828402366863906,0.8828402366863906
2026-03-08 00:53:07,yaw_0_metal,3,torque_z,0.8891523414344991,0.16849199663016007,-24.2,24.2169151924684,2.1203703703703702,-2.092857142857143,-0.8804733727810651,0.8804733727810651
2026-03-08 00:53:07,yaw_0_metal,4,torque_z,0.7705986959098992,0.33698399326032014,-23.9,23.914794177702046,1.7037037037037037,-2.0142857142857142,-0.8804733727810651,0.8804733727810651
2026-03-08 00:53:07,yaw_0_metal,5,torque_z,0.7113218731475992,0.19657399606852008,-25.1,25.110846663208086,1.712962962962963,-2.25,-0.8804733727810651,0.8804733727810651
2026-03-08 00:54:10,xy_0_metal,1,force_x|force_y,9.30646117368109,1.6287559674248806,-30.3,31.738825838059224,-1.287037037037037,9.55,0.09230769230769231,9.30646117368109
2026-03-08 00:54:10,xy_0_metal,2,force_x|force_y,9.27682276229994,1.9095759618084809,-32.0,33.37223278291465,-1.0185185185185186,8.742857142857142,0.08047337278106509,9.27682276229994
2026-03-08 00:54:10,xy_0_metal,3,force_x|force_y,9.24718435091879,1.9095759618084809,-34.9,36.15476315471855,-4.675925925925926,8.364285714285714,0.12662721893491125,9.24718435091879
2026-03-08 00:54:10,xy_0_metal,4,force_x|force_y,9.18790752815649,1.4883459702330806,-31.7,33.03820240983253,-2.7685185185185186,9.285714285714286,0.1349112426035503,9.18790752815649
2026-03-08 00:54:10,xy_0_metal,5,force_x|force_y,8.980438648488441,1.7410839651783208,-36.7,37.82287207091849,-5.907407407407407,7.135714285714286,0.14201183431952663,8.980438648488441
2026-03-08 13:27:47,z_0_wood,1,force_z,-1.1855364552459988,-0.11232799775344005,47.6,47.6148938281479,5.907407407407407,1.4,0.07928994082840236,47.6
2026-03-08 13:27:47,z_0_wood,2,force_z,-1.007705986959099,-0.05616399887672002,46.9,46.910858292626905,5.787037037037037,1.5785714285714285,0.033136094674556214,46.9
2026-03-08 13:27:47,z_0_wood,3,force_z,-1.066982809721399,0.05616399887672002,45.7,45.71248852021744,5.435185185185185,1.5,0.03076923076923077,45.7
2026-03-08 13:27:47,z_0_wood,4,force_z,-1.3337285121517486,0.08424599831508003,43.8,43.8203825762893,5.333333333333333,1.2357142857142858,0.07455621301775148,43.8
2026-03-08 13:27:47,z_0_wood,5,force_z,-0.7409602845287492,-0.2246559955068801,42.1,42.10711926099393,2.425925925925926,-0.3357142857142857,0.054437869822485205,42.1
2026-03-08 13:28:37,yaw_0_wood,1,torque_z,0.948429164196799,0.5335579893288402,-13.6,13.64346737480893,2.675925925925926,-1.5285714285714285,-1.0911242603550295,1.0911242603550295
2026-03-08 13:28:37,yaw_0_wood,2,torque_z,1.1262596324836989,0.6458859870822803,-16.8,16.850092862298165,2.5925925925925926,-1.3642857142857143,-1.0875739644970415,1.0875739644970415
2026-03-08 13:28:37,yaw_0_wood,3,torque_z,1.5411973918197983,0.6458859870822803,-8.2,8.368539783550139,2.611111111111111,0.29285714285714287,-1.0662721893491125,1.0662721893491125
2026-03-08 13:28:37,yaw_0_wood,4,torque_z,1.1558980438648487,0.5054759898904803,-8.5,8.59311388637241,5.37962962962963,0.20714285714285716,-1.0437869822485206,1.0437869822485206
2026-03-08 13:28:37,yaw_0_wood,5,torque_z,1.3040901007705987,0.33698399326032014,-5.0,5.1782438338341645,5.648148148148148,0.5214285714285715,-1.0437869822485206,1.0437869822485206
2026-03-08 13:29:58,roll_pitch_0_wood,1,torque_z,-4.682868998221695,-2.134231957315361,50.3,50.562577150518464,17.72222222222222,-14.25,-1.608284023668639,1.608284023668639
2026-03-08 13:29:58,roll_pitch_0_wood,2,torque_z,-4.890337877889745,-0.8986239820275204,19.8,20.41477233821132,-4.648148148148148,-10.014285714285714,1.4035502958579882,1.4035502958579882
2026-03-08 13:29:58,roll_pitch_0_wood,3,torque_z,-9.09899229401304,3.3979219320415615,16.7,19.319097655500315,-6.5092592592592595,-16.435714285714287,1.3124260355029587,1.3124260355029587
2026-03-08 13:29:58,roll_pitch_0_wood,4,torque_z,-5.3052756372258445,-0.2808199943836001,26.6,27.125353628223685,-1.7037037037037037,-10.85,1.2733727810650888,1.2733727810650888
2026-03-08 13:29:58,roll_pitch_0_wood,5,torque_z,-2.6081802015411975,-0.9547879809042404,20.5,20.687296199653318,2.287037037037037,-10.885714285714286,-1.157396449704142,1.157396449704142
2026-03-08 13:30:55,xy_0_wood,1,force_x|force_y,13.485477178423237,1.4040999719180005,-16.9,21.666554674449603,0.46296296296296297,21.814285714285713,0.38224852071005916,13.485477178423237
2026-03-08 13:30:55,xy_0_wood,2,force_x|force_y,-2.3117960877296975,9.435551811288963,-30.8,32.29572787745712,-27.064814814814813,-3.5428571428571427,0.0485207100591716,9.435551811288963
2026-03-08 13:30:55,xy_0_wood,3,force_x|force_y,-2.133965619442798,8.593091828138164,-32.7,33.877500445454636,-25.333333333333332,-3.307142857142857,0.05088757396449704,8.593091828138164
2026-03-08 13:30:55,xy_0_wood,4,force_x|force_y,-1.5115589804386484,8.480763830384724,-22.0,23.626429389522798,-23.333333333333332,-2.7928571428571427,-0.07455621301775148,8.480763830384724
2026-03-08 13:30:55,xy_0_wood,5,force_x|force_y,-8.417308832246592,-1.8814939623701208,-2.6,9.008390949989444,13.685185185185185,-13.185714285714285,-0.23550295857988165,8.417308832246592
2026-03-08 13:32:00,roll_pitch_0_wood,1,torque_x|torque_y,0.0889152341434499,-2.9486099410278013,32.2,32.33484508240593,20.416666666666668,1.2,-0.8544378698224852,20.416666666666668
2026-03-08 13:32:00,roll_pitch_0_wood,2,torque_x|torque_y,-0.7113218731475992,-1.0951979780960404,12.5,12.568032360653909,18.12037037037037,2.3,-0.029585798816568046,18.12037037037037
2026-03-08 13:32:00,roll_pitch_0_wood,3,torque_x|torque_y,0.05927682276229994,-4.156135916877282,26.1,26.428904243295335,15.157407407407407,1.15,-0.7136094674556213,15.157407407407407
2026-03-08 13:32:00,roll_pitch_0_wood,4,torque_x|torque_y,0.20746887966804978,-2.1061499578770007,8.0,8.275198546324795,14.296296296296296,2.192857142857143,-0.02485207100591716,14.296296296296296
2026-03-08 13:32:00,roll_pitch_0_wood,5,torque_x|torque_y,0.978067575577949,-0.39314799213704016,4.3,4.427322161997962,12.88888888888889,3.807142857142857,0.07928994082840236,12.88888888888889
2026-03-08 13:32:43,roll_pitch_0_wood,1,torque_x|torque_y,-1.3040901007705987,-2.695871946082561,27.8,27.9608364778417,16.916666666666668,1.05,-0.002366863905325444,16.916666666666668
2026-03-08 13:32:43,roll_pitch_0_wood,2,torque_x|torque_y,-1.3040901007705987,-1.1232799775344005,8.4,8.57452091366378,16.01851851851852,0.8642857142857143,-0.033136094674556214,16.01851851851852
2026-03-08 13:32:43,roll_pitch_0_wood,3,torque_x|torque_y,-1.3930053349140485,-0.08424599831508003,4.2,4.4257836878151995,12.564814814814815,0.7714285714285715,-0.07928994082840236,12.564814814814815
2026-03-08 13:32:43,roll_pitch_0_wood,4,torque_x|torque_y,-0.44457617071724953,-0.6178039876439203,2.0,2.139936853909092,12.296296296296296,1.4928571428571429,0.014201183431952662,12.296296296296296
2026-03-08 13:32:43,roll_pitch_0_wood,5,torque_x|torque_y,-0.8298755186721991,-0.2246559955068801,4.9,4.974853132787805,9.777777777777779,0.2,-0.12781065088757396,9.777777777777779
2026-03-08 14:46:05,z_0_metal,1,force_z|force_total,0.3556609365737996,-1.2636899747262005,62.5,62.51378573606007,9.74074074074074,3.914285714285714,0.06863905325443787,62.51378573606007
2026-03-08 14:46:05,z_0_metal,2,force_z|force_total,1.4522821576763485,-0.8424599831508004,55.2,55.22552727035493,9.944444444444445,3.742857142857143,0.07100591715976332,55.22552727035493
2026-03-08 14:46:05,z_0_metal,3,force_z|force_total,1.1855364552459988,-1.2917719741645606,52.8,52.829103451790225,7.064814814814815,2.8,0.06035502958579882,52.829103451790225
2026-03-08 14:46:05,z_0_metal,4,force_z|force_total,0.6224066390041494,-1.1232799775344005,46.2,46.21784447518303,5.7407407407407405,1.25,0.01301775147928994,46.21784447518303
2026-03-08 14:46:05,z_0_metal,5,force_z|force_total,0.3260225251926497,-1.0951979780960404,45.1,45.11447383377267,8.842592592592593,0.02857142857142857,-0.014201183431952662,45.11447383377267
2026-03-08 14:46:45,z_0_metal,1,force_z|force_total,0.6224066390041494,-1.0951979780960404,45.4,45.41747294418198,4.527777777777778,4.085714285714285,0.06863905325443787,45.41747294418198
2026-03-08 14:46:45,z_0_metal,2,force_z|force_total,1.066982809721399,-1.2917719741645606,43.7,43.73210636534076,4.12962962962963,3.25,0.02485207100591716,43.73210636534076
2026-03-08 14:46:45,z_0_metal,3,force_z|force_total,1.2448132780082988,-1.1794439764111204,37.7,37.73898048689973,2.712962962962963,2.2785714285714285,0.040236686390532544,37.73898048689973
2026-03-08 14:46:45,z_0_metal,4,force_z|force_total,-0.5038529934795495,-0.14040999719180006,36.1,36.10378903669738,3.7314814814814814,0.6928571428571428,0.02603550295857988,36.10378903669738
2026-03-08 14:46:45,z_0_metal,5,force_z|force_total,0.02963841138114997,-0.25273799494524013,35.7,35.700906920266306,3.5925925925925926,0.5357142857142857,0.023668639053254437,35.700906920266306
2026-03-08 14:48:24,z_0_metal,1,force_z|force_total,0.8891523414344991,-1.2075259758494805,49.3,49.32280112553047,6.861111111111111,2.2071428571428573,0.054437869822485205,49.32280112553047
2026-03-08 14:48:24,z_0_metal,2,force_z|force_total,0.20746887966804978,-1.1513619769727605,48.6,48.61407900740329,5.2407407407407405,2.492857142857143,0.029585798816568046,48.61407900740329
2026-03-08 14:48:24,z_0_metal,3,force_z|force_total,1.3337285121517486,-1.5445099691098005,47.7,47.743631436965565,6.814814814814815,2.1285714285714286,0.04260355029585799,47.743631436965565
2026-03-08 14:48:24,z_0_metal,4,force_z|force_total,1.6893894487255483,-2.162313956753721,47.4,47.47936013002952,8.86111111111111,4.307142857142857,0.0863905325443787,47.47936013002952
2026-03-08 14:48:24,z_0_metal,5,force_z|force_total,0.14819205690574985,-1.2917719741645606,38.1,38.12218036417863,4.537037037037037,-0.9428571428571428,0.023668639053254437,38.12218036417863
2026-03-08 15:20:59,yaw_0_metal,1,torque_z,0.5631298162418494,0.33698399326032014,-5.7,5.73765399807746,3.0833333333333335,0.07857142857142857,-0.9514792899408284,0.9514792899408284
2026-03-08 15:20:59,yaw_0_metal,2,torque_z,0.7409602845287492,0.19657399606852008,-9.7,9.73024478002374,3.4074074074074074,0.2714285714285714,-0.9491124260355029,0.9491124260355029
2026-03-08 15:20:59,yaw_0_metal,3,torque_z,0.8891523414344991,0.25273799494524013,-9.6,9.644400882396345,3.25,0.7214285714285714,-0.9313609467455621,0.9313609467455621
2026-03-08 15:20:59,yaw_0_metal,4,torque_z,0.8298755186721991,0.19657399606852008,-11.2,11.232423367752027,2.7777777777777777,0.4857142857142857,-0.9076923076923077,0.9076923076923077
2026-03-08 15:20:59,yaw_0_metal,5,torque_z,0.6520450503852994,0.30890199382196015,-12.2,12.2213167535057,3.2685185185185186,0.5214285714285715,-0.906508875739645,0.906508875739645
2026-03-08 15:23:16,roll_pitch_0_metal,1,torque_x|torque_y,-0.7705986959098992,-0.6739679865206403,1.7,1.9844533748598687,8.074074074074074,-0.21428571428571427,-0.002366863905325444,8.074074074074074
2026-03-08 15:23:16,roll_pitch_0_metal,2,torque_x|torque_y,-0.7705986959098992,-0.7862959842740803,3.1,3.2896935609602886,7.685185185185185,-0.3142857142857143,-0.03431952662721893,7.685185185185185
2026-03-08 15:23:16,roll_pitch_0_metal,3,torque_x|torque_y,-0.7113218731475992,-0.7862959842740803,3.1,3.276315030961424,7.444444444444445,-0.2571428571428571,-0.022485207100591716,7.444444444444445
2026-03-08 15:23:16,roll_pitch_0_metal,4,torque_x|torque_y,-1.3633669235328985,-0.9267059814658803,3.8,4.142167710784801,7.388888888888889,-0.55,0.010650887573964497,7.388888888888889
2026-03-08 15:23:16,roll_pitch_0_metal,5,torque_x|torque_y,-1.3633669235328985,-0.9267059814658803,4.0,4.326378779564753,7.342592592592593,-0.4857142857142857,0.01893491124260355,7.342592592592593
2026-03-08 15:24:34,xy_0_metal,1,force_x|force_y,15.056312981624185,1.3198539736029204,-57.1,59.06644203870977,5.472222222222222,19.264285714285716,0.2650887573964497,15.056312981624185
2026-03-08 15:24:34,xy_0_metal,2,force_x|force_y,12.655601659751037,-1.3760179724796406,-21.7,25.158451439444363,7.212962962962963,21.035714285714285,0.450887573964497,12.655601659751037
2026-03-08 15:24:34,xy_0_metal,3,force_x|force_y,0.7113218731475992,-8.059533838809323,40.7,41.49641026048074,24.314814814814813,4.4714285714285715,-0.0757396449704142,8.059533838809323
2026-03-08 15:24:34,xy_0_metal,4,force_x|force_y,-8.032009484291642,-1.3760179724796406,-24.2,25.535203187292986,1.1851851851851851,-7.542857142857143,0.0970414201183432,8.032009484291642
2026-03-08 15:24:34,xy_0_metal,5,force_x|force_y,7.9134558387670415,0.8986239820275204,-29.1,30.17018906757449,1.0277777777777777,11.071428571428571,0.33254437869822484,7.9134558387670415
2026-03-08 21:15:02,yaw,z,30,plexi,1,force_z,0.26674570243034973,-3.1451839370963213,52.3,52.39516518981435,3.1574074074074074,-0.5642857142857143,-0.023668639053254437,52.3
2026-03-08 21:15:02,yaw,z,30,plexi,2,force_z,0.5038529934795495,-2.639707947205841,48.3,48.37470336741694,-2.7777777777777777,1.6,-0.015384615384615385,48.3
2026-03-08 21:15:02,yaw,z,30,plexi,3,force_z,-5.779490219324244,-1.0390339792193204,44.4,44.78662857154172,7.092592592592593,-12.021428571428572,-0.4331360946745562,44.4
2026-03-08 21:15:02,yaw,z,30,plexi,4,force_z,-0.8298755186721991,-2.049985959000281,44.0,44.05554602781118,0.6018518518518519,-3.8,-0.0757396449704142,44.0
2026-03-08 21:15:02,yaw,z,30,plexi,5,force_z,0.02963841138114997,-3.1171019376579614,41.7,41.816350903984684,0.28703703703703703,0.3142857142857143,-0.015384615384615385,41.7
2026-03-08 21:15:02,yaw,z,30,plexi,6,force_z,-1.4522821576763485,7.048581859028363,40.4,41.035979696955316,-4.175925925925926,2.3642857142857143,0.15857988165680473,40.4
2026-03-08 21:15:02,yaw,z,30,plexi,7,force_z,-2.904564315352697,7.104745857905083,31.2,32.1302646669373,-18.0,-1.35,0.09940828402366864,31.2
2026-03-08 21:15:02,yaw,z,30,plexi,8,force_z,0.0,-0.2246559955068801,23.1,23.101092405259045,11.833333333333334,-0.17142857142857143,-0.07928994082840236,23.1
2026-03-08 21:15:02,yaw,z,30,plexi,9,force_z,0.5631298162418494,-0.7862959842740803,20.5,20.52280138199525,11.777777777777779,4.65,0.15266272189349112,20.5
2026-03-08 21:15:02,yaw,z,30,plexi,10,force_z,-0.3852993479549496,-0.14040999719180006,19.1,19.104401863310088,12.407407407407407,0.5142857142857142,-0.03195266272189349,19.1
2026-03-08 21:18:21,z,roll_pitch,30,plexi,1,torque_x|torque_y,-0.5927682276229994,-0.8705419825891604,10.1,10.154763291930028,5.972222222222222,-0.5571428571428572,-0.6958579881656805,5.972222222222222
2026-03-08 21:18:21,z,roll_pitch,30,plexi,2,torque_x|torque_y,-2.904564315352697,-0.7020499859590003,21.8,22.003848937056564,5.962962962962963,1.1642857142857144,0.3585798816568047,5.962962962962963
2026-03-08 21:18:21,z,roll_pitch,30,plexi,3,torque_x|torque_y,-3.0527563722584468,0.16849199663016007,0.1,3.0590375972342954,-4.805555555555555,-2.3,0.5680473372781065,4.805555555555555
2026-03-08 21:18:21,z,roll_pitch,30,plexi,4,torque_x|torque_y,-1.7486662714878483,1.5164279696714407,3.2,3.949352797135382,-3.5185185185185186,4.685714285714286,-0.2911242603550296,4.685714285714286
2026-03-08 21:18:21,z,roll_pitch,30,plexi,5,torque_x|torque_y,-4.090100770598696,0.9828699803426004,1.9,4.615729380272494,-4.592592592592593,-1.0142857142857142,0.659171597633136,4.592592592592593
2026-03-08 21:18:21,z,roll_pitch,30,plexi,6,torque_x|torque_y,-1.2448132780082988,-0.8143779837124403,11.5,11.595808363260463,4.546296296296297,0.4857142857142857,0.03195266272189349,4.546296296296297
2026-03-08 21:18:21,z,roll_pitch,30,plexi,7,torque_x|torque_y,-1.1558980438648487,-0.30890199382196015,9.4,9.475838787653458,4.537037037037037,0.6785714285714286,0.08520710059171598,4.537037037037037
2026-03-08 21:18:21,z,roll_pitch,30,plexi,8,torque_x|torque_y,-1.2448132780082988,-0.9547879809042404,10.9,11.012319473461755,4.407407407407407,-0.6428571428571429,0.002366863905325444,4.407407407407407
2026-03-08 21:18:21,z,roll_pitch,30,plexi,9,torque_x|torque_y,-3.4380557202133963,0.6739679865206403,2.6,4.362849983914957,-4.287037037037037,-2.414285714285714,0.6177514792899408,4.287037037037037
2026-03-08 21:18:21,z,roll_pitch,30,plexi,10,torque_x|torque_y,-3.793716656787196,0.7582139848357203,2.9,4.834994779602671,-3.037037037037037,-4.078571428571428,0.514792899408284,4.078571428571428
2026-03-08 21:19:40,test,xy,30,plexi,1,force_x|force_y,-0.14819205690574985,8.087615838247684,-17.6,19.36986037205237,-15.25925925925926,-1.15,0.021301775147928994,8.087615838247684
2026-03-08 21:19:40,test,xy,30,plexi,2,force_x|force_y,-0.14819205690574985,6.515023869699522,-19.2,20.275785975110423,-15.0,-1.1857142857142857,0.08875739644970414,6.515023869699522
2026-03-08 21:19:40,test,xy,30,plexi,3,force_x|force_y,-0.41493775933609955,6.458859870822803,-20.7,21.688223628850935,-11.527777777777779,-1.792857142857143,-0.06035502958579882,6.458859870822803
2026-03-08 21:19:40,test,xy,30,plexi,4,force_x|force_y,-1.0373443983402488,6.346531873069362,-20.6,21.58042052918926,-15.148148148148149,-3.6214285714285714,-0.15739644970414202,6.346531873069362
2026-03-08 21:19:40,test,xy,30,plexi,5,force_x|force_y,-1.0966212211025488,6.178039876439202,-14.3,15.616041586056479,-13.481481481481481,-3.057142857142857,-0.14911242603550295,6.178039876439202
2026-03-08 21:19:40,test,xy,30,plexi,6,force_x|force_y,-0.3260225251926497,6.009547879809043,-20.2,21.0774988176171,-12.925925925925926,-1.1642857142857144,0.13846153846153847,6.009547879809043
2026-03-08 21:19:40,test,xy,30,plexi,7,force_x|force_y,-0.0889152341434499,5.8972198820556025,-24.7,25.394391275558753,-12.0,-1.8285714285714285,-0.1076923076923077,5.8972198820556025
2026-03-08 21:19:40,test,xy,30,plexi,8,force_x|force_y,-0.7113218731475992,5.728727885425442,-15.2,16.259283563320658,-12.398148148148149,-2.2,-0.11005917159763313,5.728727885425442
2026-03-08 21:19:40,test,xy,30,plexi,9,force_x|force_y,0.2963841138114997,5.588317888233642,-13.2,14.337264047330367,-12.194444444444445,0.6571428571428571,0.2686390532544379,5.588317888233642
2026-03-08 21:19:40,test,xy,30,plexi,10,force_x|force_y,-0.4742145820983995,5.167087896658242,-23.1,23.67559242768102,-10.185185185185185,-2.95,-0.023668639053254437,5.167087896658242
2026-03-08 21:20:36,test,yaw,30,plexi,1,torque_z,0.8595139300533491,-0.8143779837124403,3.7,3.884839211127186,2.0277777777777777,0.7357142857142858,-0.7893491124260354,0.7893491124260354
2026-03-08 21:20:36,test,yaw,30,plexi,2,torque_z,1.3040901007705987,0.4773939904521202,-5.7,5.866732993161327,0.5370370370370371,-0.12857142857142856,-0.7207100591715976,0.7207100591715976
2026-03-08 21:20:36,test,yaw,30,plexi,3,torque_z,0.6520450503852994,0.4212299915754002,-10.3,10.329210882421494,2.675925925925926,0.10714285714285714,-0.7195266272189349,0.7195266272189349
2026-03-08 21:20:36,test,yaw,30,plexi,4,torque_z,0.3556609365737996,-0.05616399887672002,-4.6,4.614070772818117,3.175925925925926,-0.5642857142857143,-0.7171597633136094,0.7171597633136094
2026-03-08 21:20:36,test,yaw,30,plexi,5,torque_z,0.20746887966804978,0.11232799775344005,-2.8,2.8099218699298403,3.0277777777777777,-1.0642857142857143,-0.6887573964497041,0.6887573964497041
2026-03-08 21:20:36,test,yaw,30,plexi,6,torque_z,0.3852993479549496,0.7301319853973604,-15.0,15.022701098791615,0.7777777777777778,-0.19285714285714287,-0.6840236686390533,0.6840236686390533
2026-03-08 21:20:36,test,yaw,30,plexi,7,torque_z,0.0,0.08424599831508003,0.9,0.903934393765446,2.7222222222222223,-1.1571428571428573,-0.6804733727810651,0.6804733727810651
2026-03-08 21:20:36,test,yaw,30,plexi,8,torque_z,0.5927682276229994,0.14040999719180006,-6.2,6.229854664355399,2.1666666666666665,-0.8571428571428571,-0.6757396449704142,0.6757396449704142
2026-03-08 21:20:36,test,yaw,30,plexi,9,torque_z,0.3556609365737996,0.2246559955068801,-5.9,5.914978023469042,2.2685185185185186,-0.12857142857142856,-0.6532544378698225,0.6532544378698225
2026-03-08 21:20:36,test,yaw,30,plexi,10,torque_z,0.44457617071724953,0.39314799213704016,-11.2,11.215712786768881,0.027777777777777776,-0.21428571428571427,-0.6532544378698225,0.6532544378698225
2026-03-08 21:27:24,test,yaw,30,wood,1,torque_z,-0.5927682276229994,-0.6458859870822803,-7.5,7.551062367639971,-1.9444444444444444,0.09285714285714286,0.7017751479289941,0.7017751479289941
2026-03-08 21:27:24,test,yaw,30,wood,2,torque_z,-1.3633669235328985,0.2246559955068801,-0.2,1.3961517412161,-1.9074074074074074,-0.6928571428571428,0.6733727810650888,0.6733727810650888
2026-03-08 21:27:24,test,yaw,30,wood,3,torque_z,-0.44457617071724953,-0.11232799775344005,-2.9,2.9360288742873273,-1.9537037037037037,-0.12142857142857143,0.5408284023668639,0.5408284023668639
2026-03-08 21:27:24,test,yaw,30,wood,4,torque_z,-0.5927682276229994,-0.8143779837124403,-4.1,4.2219172981046,-0.6203703703703703,-0.35,0.5325443786982249,0.5325443786982249
2026-03-08 21:27:24,test,yaw,30,wood,5,torque_z,-0.6520450503852994,-0.2808199943836001,-9.1,9.127651538976362,-1.9722222222222223,-0.08571428571428572,0.5301775147928994,0.5301775147928994
2026-03-08 21:27:24,test,yaw,30,wood,6,torque_z,-0.5038529934795495,-0.5616399887672002,-2.3,2.4206006105966185,-0.32407407407407407,0.04285714285714286,0.5301775147928994,0.5301775147928994
2026-03-08 21:27:24,test,yaw,30,wood,7,torque_z,-0.5927682276229994,-0.7862959842740803,-4.3,4.4113076912141205,-0.4444444444444444,-0.2642857142857143,0.527810650887574,0.527810650887574
2026-03-08 21:27:24,test,yaw,30,wood,8,torque_z,-1.1855364552459988,0.11232799775344005,-2.4,2.6792003034108043,-3.2037037037037037,-0.95,0.5266272189349113,0.5266272189349113
2026-03-08 21:27:24,test,yaw,30,wood,9,torque_z,-0.5631298162418494,-0.5054759898904803,-7.8,7.836620519477534,-1.2592592592592593,-0.30714285714285716,0.5136094674556213,0.5136094674556213
2026-03-08 21:27:24,test,yaw,30,wood,10,torque_z,-1.3930053349140485,0.2808199943836001,3.5,3.777475841397878,1.1111111111111112,-2.2714285714285714,-0.5112426035502958,0.5112426035502958
2026-03-08 21:28:29,test,z,30,wood,1,force_z,-0.26674570243034973,-2.134231957315361,52.0,52.04446271523409,9.824074074074074,-0.8714285714285714,-0.07218934911242604,52.0
2026-03-08 21:28:29,test,z,30,wood,2,force_z,-0.8002371072910491,-3.2855939342881215,49.5,49.61537571085113,2.7777777777777777,-2.2071428571428573,-0.014201183431952662,49.5
2026-03-08 21:28:29,test,z,30,wood,3,force_z,-1.066982809721399,-3.1451839370963213,49.0,49.112428511675226,3.4814814814814814,-2.6285714285714286,-0.0485207100591716,49.0
2026-03-08 21:28:29,test,z,30,wood,4,force_z,-0.5631298162418494,-1.9938219601235607,44.9,44.94777459673183,8.75,-1.15,-0.0863905325443787,44.9
2026-03-08 21:28:29,test,z,30,wood,5,force_z,-0.6816834617664492,-2.302723953945521,44.8,44.864320232787655,9.185185185185185,-1.0785714285714285,-0.04260355029585799,44.8
2026-03-08 21:28:29,test,z,30,wood,6,force_z,-0.5927682276229994,-1.9095759618084809,44.5,44.54489706493434,7.888888888888889,-2.1285714285714286,-0.08875739644970414,44.5
2026-03-08 21:28:29,test,z,30,wood,7,force_z,-0.6520450503852994,-2.218477955630441,44.4,44.46017102067141,8.38888888888889,-1.0214285714285714,-0.05917159763313609,44.4
2026-03-08 21:28:29,test,z,30,wood,8,force_z,-0.7705986959098992,-2.218477955630441,43.8,43.86291676108368,8.157407407407407,-1.2785714285714285,-0.08047337278106509,43.8
2026-03-08 21:28:29,test,z,30,wood,9,force_z,-0.41493775933609955,-2.9486099410278013,41.0,41.107985525058886,4.25,-2.192857142857143,-0.1455621301775148,41.0
2026-03-08 21:28:29,test,z,30,wood,10,force_z,0.3260225251926497,-2.246559955068801,41.0,41.0627973026516,3.8518518518518516,1.0,0.04260355029585799,41.0
2026-03-08 21:29:12,test,xy,30,wood,1,force_x|force_y,-1.6301126259632484,8.536927829261444,-23.0,24.58732201634296,-24.194444444444443,-3.414285714285714,0.06745562130177515,8.536927829261444
2026-03-08 21:29:12,test,xy,30,wood,2,force_x|force_y,-1.0966212211025488,8.256107834877843,-24.7,26.066374789826522,-24.99074074074074,-3.5285714285714285,0.1467455621301775,8.256107834877843
2026-03-08 21:29:12,test,xy,30,wood,3,force_x|force_y,-1.6004742145820983,7.975287840494243,-19.9,21.498296068532444,-21.287037037037038,-3.1142857142857143,0.12071005917159763,7.975287840494243
2026-03-08 21:29:12,test,xy,30,wood,4,force_x|force_y,-1.6893894487255483,7.6383038472339235,-21.9,23.255273001453535,-21.77777777777778,-3.757142857142857,-0.13846153846153847,7.6383038472339235
2026-03-08 21:29:12,test,xy,30,wood,5,force_x|force_y,-0.3260225251926497,7.469811850603763,-15.8,17.479827795786587,-19.694444444444443,-2.2785714285714285,-0.1834319526627219,7.469811850603763
2026-03-08 21:29:12,test,xy,30,wood,6,force_x|force_y,-1.4522821576763485,7.245155855096883,-21.9,23.113013798078125,-21.0,-3.0142857142857142,0.15502958579881657,7.245155855096883
2026-03-08 21:29:12,test,xy,30,wood,7,force_x|force_y,-1.0966212211025488,6.852007862959843,-24.3,25.271378867339944,-16.90740740740741,-3.142857142857143,-0.08875739644970414,6.852007862959843
2026-03-08 21:29:12,test,xy,30,wood,8,force_x|force_y,-1.4226437462951984,6.795843864083123,-21.4,22.498164570779302,-19.064814814814813,-3.1,0.021301775147928994,6.795843864083123
2026-03-08 21:29:12,test,xy,30,wood,9,force_x|force_y,-1.4226437462951984,6.767761864644763,-21.2,22.29947344412896,-19.00925925925926,-3.107142857142857,0.023668639053254437,6.767761864644763
2026-03-08 21:29:12,test,xy,30,wood,10,force_x|force_y,-1.3040901007705987,6.2903678741926425,-24.0,24.844906499795943,-19.51851851851852,-2.6857142857142855,0.13136094674556212,6.2903678741926425
2026-03-08 21:33:11,test,roll_pitch,30,wood,1,torque_x|torque_y,-0.3852993479549496,-1.0951979780960404,5.9,6.013145117054815,3.1296296296296298,-0.9428571428571428,-0.09940828402366864,3.1296296296296298
2026-03-08 21:33:11,test,roll_pitch,30,wood,2,torque_x|torque_y,-1.2744516893894486,-0.2246559955068801,0.2,1.3094645565668461,-0.9444444444444444,-2.6785714285714284,0.5017751479289941,2.6785714285714284
2026-03-08 21:33:11,test,roll_pitch,30,wood,3,torque_x|torque_y,-1.007705986959099,-0.05616399887672002,1.3,1.6457903119544228,-2.1944444444444446,-1.4785714285714286,0.14911242603550295,2.1944444444444446
2026-03-08 21:33:11,test,roll_pitch,30,wood,4,torque_x|torque_y,-0.6224066390041494,-0.8143779837124403,3.2,3.3601490330983808,2.1666666666666665,-0.07142857142857142,-0.05917159763313609,2.1666666666666665
2026-03-08 21:33:11,test,roll_pitch,30,wood,5,torque_x|torque_y,-0.3852993479549496,-0.9267059814658803,2.8,2.9744309646752853,1.962962962962963,0.2857142857142857,-0.04970414201183432,1.962962962962963
2026-03-08 21:33:11,test,roll_pitch,30,wood,6,torque_x|torque_y,-0.41493775933609955,-0.6458859870822803,2.7,2.807016575019128,1.787037037037037,0.07857142857142857,-0.04970414201183432,1.787037037037037
2026-03-08 21:33:11,test,roll_pitch,30,wood,7,torque_x|torque_y,-0.6520450503852994,-0.7582139848357203,2.2,2.416619786919827,1.462962962962963,0.04285714285714286,-0.015384615384615385,1.462962962962963
2026-03-08 21:33:11,test,roll_pitch,30,wood,8,torque_x|torque_y,-0.5334914048606995,-0.6458859870822803,0.6,1.0304279632121278,1.3518518518518519,0.4357142857142857,-0.05798816568047337,1.3518518518518519
2026-03-08 21:33:11,test,roll_pitch,30,wood,9,torque_x|torque_y,-0.5631298162418494,-0.5616399887672002,0.5,0.9394438072194632,1.1111111111111112,0.38571428571428573,-0.08757396449704143,1.1111111111111112
2026-03-08 21:33:11,test,roll_pitch,30,wood,10,torque_x|torque_y,0.23710729104919975,-0.2246559955068801,0.4,0.516420549345083,1.0925925925925926,0.37857142857142856,-0.06035502958579882,1.0925925925925926
2026-03-08 21:49:35,test,z,30,metal,1,force_z,1.5411973918197983,1.2356079752878406,67.1,67.12906983169918,25.462962962962962,5.371428571428571,-0.1289940828402367,67.1
2026-03-08 21:49:35,test,z,30,metal,2,force_z,-1.1262596324836989,-0.5335579893288402,42.1,42.11844186206013,-0.06481481481481481,-1.6357142857142857,0.05917159763313609,42.1
2026-03-08 21:49:35,test,z,30,metal,3,force_z,0.05927682276229994,-1.1794439764111204,37.2,37.21873992809549,-1.3611111111111112,0.8,0.009467455621301775,37.2
2026-03-08 21:49:35,test,z,30,metal,4,force_z,-1.007705986959099,-1.5164279696714407,36.7,36.74513607463381,-0.3333333333333333,0.5,0.07810650887573964,36.7
2026-03-08 21:49:35,test,z,30,metal,5,force_z,-0.26674570243034973,-1.7691659646166806,36.6,36.64370480014436,-2.324074074074074,0.42857142857142855,0.06982248520710059,36.6
2026-03-08 21:49:35,test,z,30,metal,6,force_z,-0.8002371072910491,-1.5164279696714407,36.1,36.14069635763937,0.28703703703703703,0.32857142857142857,0.06390532544378698,36.1
2026-03-08 21:49:35,test,z,30,metal,7,force_z,-0.978067575577949,-1.4040999719180005,36.1,36.14053282553451,-0.027777777777777776,0.32142857142857145,0.07455621301775148,36.1
2026-03-08 21:49:35,test,z,30,metal,8,force_z,-0.8595139300533491,-1.4040999719180005,36.1,36.13751874336555,-0.37037037037037035,0.5928571428571429,0.08047337278106509,36.1
2026-03-08 21:49:35,test,z,30,metal,9,force_z,-1.007705986959099,-1.3760179724796406,36.0,36.04037869968544,-0.3611111111111111,0.29285714285714287,0.08757396449704143,36.0
2026-03-08 21:49:35,test,z,30,metal,10,force_z,-0.978067575577949,-1.4040999719180005,35.8,35.84087210034846,-0.4722222222222222,0.32857142857142857,0.06153846153846154,35.8
2026-03-08 21:56:48,test,yaw,30,metal,1,torque_z,-0.11855364552459988,0.05616399887672002,1.0,1.0085679757145756,3.962962962962963,-1.1857142857142857,-0.6201183431952663,0.6201183431952663
2026-03-08 21:56:48,test,yaw,30,metal,2,torque_z,-1.007705986959099,-0.16849199663016007,0.6,1.184846365180579,3.6296296296296298,0.1,-0.5940828402366863,0.5940828402366863
2026-03-08 21:56:48,test,yaw,30,metal,3,torque_z,0.23710729104919975,-0.14040999719180006,2.2,2.217190752907853,2.212962962962963,-0.5,-0.4556213017751479,0.4556213017751479
2026-03-08 21:56:48,test,yaw,30,metal,4,torque_z,-0.02963841138114997,0.08424599831508003,3.8,3.8010493056077688,2.324074074074074,-1.207142857142857,-0.4544378698224852,0.4544378698224852
2026-03-08 21:56:48,test,yaw,30,metal,5,torque_z,0.41493775933609955,-0.4212299915754002,3.9,3.944566902706237,1.7592592592592593,0.007142857142857143,-0.336094674556213,0.336094674556213
2026-03-08 21:56:48,test,yaw,30,metal,6,torque_z,-0.14819205690574985,-0.30890199382196015,2.1,2.1277643966184647,2.037037037037037,0.007142857142857143,-0.2911242603550296,0.2911242603550296
2026-03-08 21:56:48,test,yaw,30,metal,7,torque_z,0.0,-0.2246559955068801,0.5,0.5481517274598223,1.8981481481481481,-0.30714285714285716,-0.27692307692307694,0.27692307692307694
2026-03-08 21:56:48,test,yaw,30,metal,8,torque_z,-0.11855364552459988,0.16849199663016007,3.1,3.10683834787,2.2962962962962963,-0.3357142857142857,-0.26627218934911245,0.26627218934911245
2026-03-08 21:56:48,test,yaw,30,metal,9,torque_z,-0.11855364552459988,-0.19657399606852008,1.8,1.8145788224261628,0.17592592592592593,-0.007142857142857143,0.2650887573964497,0.2650887573964497
2026-03-08 21:56:48,test,yaw,30,metal,10,torque_z,0.0889152341434499,-0.25273799494524013,4.7,4.7076302332438695,1.8611111111111112,-0.24285714285714285,-0.2650887573964497,0.2650887573964497
2026-03-08 21:57:52,test,roll_pitch,30,metal,1,torque_x|torque_y,1.6597510373443982,0.8424599831508004,0.2,1.8720342756414083,1.2314814814814814,7.692857142857143,0.6710059171597633,7.692857142857143
2026-03-08 21:57:52,test,roll_pitch,30,metal,2,torque_x|torque_y,1.3633669235328985,-0.5335579893288402,0.9,1.7185614612693358,7.601851851851852,5.742857142857143,0.12662721893491125,7.601851851851852
2026-03-08 21:57:52,test,roll_pitch,30,metal,3,torque_x|torque_y,2.4007113218731475,-1.2356079752878406,10.7,11.035404021582753,6.37962962962963,7.207142857142857,0.24497041420118343,7.207142857142857
2026-03-08 21:57:52,test,roll_pitch,30,metal,4,torque_x|torque_y,2.045050385299348,-0.5897219882055602,7.9,8.181687057189741,4.7407407407407405,6.642857142857143,0.24615384615384617,6.642857142857143
2026-03-08 21:57:52,test,roll_pitch,30,metal,5,torque_x|torque_y,1.867219917012448,-0.7301319853973604,8.4,8.635948293881123,5.5,6.535714285714286,0.24615384615384617,6.535714285714286
2026-03-08 21:57:52,test,roll_pitch,30,metal,6,torque_x|torque_y,-0.23710729104919975,0.14040999719180006,11.9,11.90319011167931,2.574074074074074,4.65,-0.040236686390532544,4.65
2026-03-08 21:57:52,test,roll_pitch,30,metal,7,torque_x|torque_y,-0.20746887966804978,0.08424599831508003,11.3,11.302218398361573,2.2222222222222223,4.521428571428571,-0.03550295857988166,4.521428571428571
2026-03-08 21:57:52,test,roll_pitch,30,metal,8,torque_x|torque_y,-0.20746887966804978,-0.11232799775344005,9.7,9.702868695139083,1.962962962962963,3.9214285714285713,0.008284023668639054,3.9214285714285713
2026-03-08 21:57:52,test,roll_pitch,30,metal,9,torque_x|torque_y,-0.1778304682868998,-0.05616399887672002,10.1,10.101721539926794,2.1203703703703702,3.8785714285714286,0.0035502958579881655,3.8785714285714286
2026-03-08 21:57:52,test,roll_pitch,30,metal,10,torque_x|torque_y,-2.6081802015411975,0.5054759898904803,5.0,5.661988161420619,0.16666666666666666,-3.85,0.39289940828402364,3.85
2026-03-08 21:58:44,test,xy,30,metal,1,force_x|force_y,-1.867219917012448,2.9486099410278013,17.5,17.844629746868268,3.962962962962963,1.707142857142857,0.10059171597633136,2.9486099410278013
2026-03-08 21:58:44,test,xy,30,metal,2,force_x|force_y,-2.2228808535862474,1.0951979780960404,0.9,2.6364100402755977,-1.2314814814814814,-2.7285714285714286,0.650887573964497,2.2228808535862474
2026-03-08 21:58:44,test,xy,30,metal,3,force_x|force_y,-1.6004742145820983,1.5725919685481606,10.6,10.834877166404997,5.75,-3.492857142857143,0.6757396449704142,1.6004742145820983
2026-03-08 21:58:44,test,xy,30,metal,4,force_x|force_y,1.5708358032009484,1.0390339792193204,1.6,2.471258127066111,-1.8240740740740742,3.1785714285714284,-0.42248520710059173,1.5708358032009484
2026-03-08 21:58:44,test,xy,30,metal,5,force_x|force_y,-1.3633669235328985,-0.19657399606852008,2.8,3.120482447333089,3.3518518518518516,-1.0357142857142858,-0.25680473372781065,1.3633669235328985
2026-03-08 21:58:44,test,xy,30,metal,6,force_x|force_y,1.0373443983402488,0.05616399887672002,2.7,2.892963497097348,7.62037037037037,-1.7642857142857142,0.011834319526627219,1.0373443983402488
2026-03-08 21:58:44,test,xy,30,metal,7,force_x|force_y,0.978067575577949,-0.5335579893288402,0.2,1.1319453654543412,-6.231481481481482,0.03571428571428571,-0.31715976331360946,0.978067575577949
2026-03-08 21:58:44,test,xy,30,metal,8,force_x|force_y,-0.8595139300533491,0.4493119910137602,3.6,3.728356938548736,2.6666666666666665,-2.442857142857143,0.010650887573964497,0.8595139300533491
2026-03-08 21:58:44,test,xy,30,metal,9,force_x|force_y,-0.8595139300533491,-0.3650659926986802,6.4,6.467769118867868,1.4259259259259258,-1.6714285714285715,0.0,0.8595139300533491
2026-03-08 21:58:44,test,xy,30,metal,10,force_x|force_y,-0.8298755186721991,-0.4212299915754002,7.2,7.259898627549428,1.4351851851851851,-1.7642857142857142,0.014201183431952662,0.8298755186721991
2026-03-08 22:29:30,test,xy,30,metal,1,force_y,-1.7190278601066982,10.446503791069924,-17.2,20.197140843214942,-23.962962962962962,-3.157142857142857,-0.22840236686390533,10.446503791069924
2026-03-08 22:29:30,test,xy,30,metal,2,force_y,-2.6081802015411975,9.856781802864363,-13.4,16.838015069270767,-24.75,-5.121428571428571,0.31479289940828403,9.856781802864363
2026-03-08 22:29:30,test,xy,30,metal,3,force_y,-2.0746887966804977,9.688289806234204,-15.4,18.311943997638622,-17.37962962962963,-3.164285714285714,-0.01775147928994083,9.688289806234204
2026-03-08 22:29:30,test,xy,30,metal,4,force_y,-1.3337285121517486,9.351305812973884,-17.2,19.623092318793326,-22.02777777777778,-3.6285714285714286,0.011834319526627219,9.351305812973884
2026-03-08 22:29:30,test,xy,30,metal,5,force_y,-1.5411973918197983,9.323223813535524,-19.7,21.849205744782303,-23.314814814814813,-3.057142857142857,0.06153846153846154,9.323223813535524
2026-03-08 22:29:30,test,xy,30,metal,6,force_y,-0.8891523414344991,9.154731816905365,-15.6,18.10965782464533,-18.935185185185187,-1.45,0.11005917159763313,9.154731816905365
2026-03-08 22:29:30,test,xy,30,metal,7,force_y,-1.007705986959099,8.958157820836844,-11.9,14.928967241546669,-18.296296296296298,-1.8571428571428572,-0.18106508875739644,8.958157820836844
2026-03-08 22:29:30,test,xy,30,metal,8,force_y,-1.2744516893894486,8.761583824768323,-23.2,24.832027267765103,-17.51851851851852,-0.6285714285714286,0.37988165680473374,8.761583824768323
2026-03-08 22:29:30,test,xy,30,metal,9,force_y,-1.066982809721399,8.171861836562764,-11.0,13.74473638132474,-16.712962962962962,-2.6285714285714286,-0.2863905325443787,8.171861836562764
2026-03-08 22:29:30,test,xy,30,metal,10,force_y,-1.7190278601066982,7.919123841617523,-6.7,10.514636427508947,-14.592592592592593,-3.6357142857142857,-0.5621301775147929,7.919123841617523
2026-03-08 22:36:20,test,z,30,metal,1,force_z,16.449318316538232,16.231395675372088,44.9,50.4980027194075,56.47222222222222,0.37857142857142856,-0.6319526627218935,44.9
2026-03-08 22:36:20,test,z,30,metal,2,force_z,-0.8298755186721991,-2.667789946644201,44.2,44.288212840166715,3.6296296296296298,3.9785714285714286,0.2153846153846154,44.2
2026-03-08 22:36:20,test,z,30,metal,3,force_z,-0.978067575577949,-3.3136759337264814,36.8,36.96183253541624,0.6759259259259259,2.392857142857143,0.1408284023668639,36.8
2026-03-08 22:36:20,test,z,30,metal,4,force_z,-0.978067575577949,-3.3698399326032016,36.3,36.46919847424349,1.0,2.357142857142857,0.14201183431952663,36.3
2026-03-08 22:36:20,test,z,30,metal,5,force_z,-0.7705986959098992,-3.2013479359730415,35.2,35.353676625738615,0.7129629629629629,2.5214285714285714,0.14201183431952663,35.2
2026-03-08 22:38:16,test,yaw,30,metal,1,torque_z,-0.7705986959098992,0.02808199943836001,1.4,1.5983150342878256,2.7685185185185186,-0.9285714285714286,-0.6177514792899408,0.6177514792899408
2026-03-08 22:38:16,test,yaw,30,metal,2,torque_z,0.5334914048606995,-0.30890199382196015,3.3,3.3570870588722337,2.824074074074074,-0.29285714285714287,-0.5893491124260355,0.5893491124260355
2026-03-08 22:38:16,test,yaw,30,metal,3,torque_z,-0.26674570243034973,-0.08424599831508003,2.9,2.9134602550913864,-1.2592592592592593,-0.38571428571428573,-0.3455621301775148,0.3455621301775148
2026-03-08 22:38:16,test,yaw,30,metal,4,torque_z,-0.05927682276229994,-0.11232799775344005,2.2,2.2036631595586678,1.0092592592592593,-0.7214285714285714,-0.31952662721893493,0.31952662721893493
2026-03-08 22:38:16,test,yaw,30,metal,5,torque_z,0.14819205690574985,-0.33698399326032014,1.6,1.6418036111068914,2.2777777777777777,0.42142857142857143,-0.2272189349112426,0.2272189349112426
2026-03-08 22:38:43,test,yaw,30,metal,1,torque_z,0.14819205690574985,-0.6458859870822803,0.2,0.692191876605908,4.953703703703703,-0.17142857142857143,-0.9893491124260355,0.9893491124260355
2026-03-08 22:38:43,test,yaw,30,metal,2,torque_z,0.2963841138114997,-0.19657399606852008,2.6,2.624211287006093,1.3703703703703705,-1.3,-0.40710059171597635,0.40710059171597635
2026-03-08 22:38:43,test,yaw,30,metal,3,torque_z,-0.44457617071724953,0.05616399887672002,1.5,1.5655038697938237,2.0,-0.55,-0.4,0.4
2026-03-08 22:38:43,test,yaw,30,metal,4,torque_z,0.23710729104919975,-0.30890199382196015,2.7,2.7279370061011075,1.537037037037037,-1.0,-0.3988165680473373,0.3988165680473373
2026-03-08 22:38:43,test,yaw,30,metal,5,torque_z,-0.02963841138114997,-0.33698399326032014,1.2,1.2467704869553455,-0.08333333333333333,0.44285714285714284,0.3633136094674556,0.3633136094674556
2026-03-08 22:49:51,yaw_0_plexi,z,0,plexi,1,force_z,0.0889152341434499,-3.9876439202471214,43.5,43.682481728417706,10.944444444444445,3.4285714285714284,0.17159763313609466,43.5
2026-03-08 22:49:51,yaw_0_plexi,z,0,plexi,2,force_z,-0.7705986959098992,-2.134231957315361,39.9,39.96446882416635,7.537037037037037,3.585714285714286,0.07928994082840236,39.9
2026-03-08 22:49:51,yaw_0_plexi,z,0,plexi,3,force_z,1.3337285121517486,0.16849199663016007,37.7,37.72396083786875,20.23148148148148,0.22857142857142856,-0.676923076923077,37.7
2026-03-08 22:49:51,yaw_0_plexi,z,0,plexi,4,force_z,-0.23710729104919975,-1.1794439764111204,33.0,33.02192162732146,15.981481481481481,1.2857142857142858,0.17514792899408285,33.0
2026-03-08 22:49:51,yaw_0_plexi,z,0,plexi,5,force_z,0.05927682276229994,0.7582139848357203,31.0,31.009327664245113,14.814814814814815,-0.35714285714285715,-0.19881656804733727,31.0
2026-03-08 23:02:56,yaw_0_plexi,z,60,plexi,1,force_z,2.5489033787788973,0.16849199663016007,36.8,36.8885523975566,-3.6203703703703702,4.328571428571428,0.01893491124260355,36.8
2026-03-08 23:02:56,yaw_0_plexi,z,60,plexi,2,force_z,1.6004742145820983,-1.0951979780960404,32.7,32.75745680486762,-3.0185185185185186,3.65,0.10414201183431952,32.7
2026-03-08 23:02:56,yaw_0_plexi,z,60,plexi,3,force_z,3.6455245998814463,1.1794439764111204,32.6,32.82439546590056,11.777777777777779,11.92142857142857,0.2923076923076923,32.6
2026-03-08 23:02:56,yaw_0_plexi,z,60,plexi,4,force_z,3.467694131594546,-0.2246559955068801,31.1,31.29353564087338,-6.814814814814815,2.3857142857142857,-0.009467455621301775,31.1
2026-03-08 23:02:56,yaw_0_plexi,z,60,plexi,5,force_z,0.8891523414344991,-0.8705419825891604,28.5,28.52715259589938,-5.888888888888889,0.21428571428571427,-0.001183431952662722,28.5
2026-03-08 23:03:50,yaw_0_plexi,xy,60,plexi,1,force_x|force_y,3.2305868405453464,5.475989890480203,-89.0,89.22680738777414,-27.175925925925927,-5.464285714285714,0.040236686390532544,5.475989890480203
2026-03-08 23:03:50,yaw_0_plexi,xy,60,plexi,2,force_x|force_y,2.904564315352697,4.998595900028082,-88.6,88.78841396732908,-26.74074074074074,-3.9285714285714284,0.04260355029585799,4.998595900028082
2026-03-08 23:03:50,yaw_0_plexi,xy,60,plexi,3,force_x|force_y,1.5411973918197983,4.998595900028082,-79.2,79.37254720854264,-24.90740740740741,-5.292857142857143,-0.004733727810650888,4.998595900028082
2026-03-08 23:03:50,yaw_0_plexi,xy,60,plexi,4,force_x|force_y,1.7190278601066982,4.970513900589722,-79.9,80.07291093259805,-24.37037037037037,-3.6857142857142855,0.004733727810650888,4.970513900589722
2026-03-08 23:03:50,yaw_0_plexi,xy,60,plexi,5,force_x|force_y,1.066982809721399,4.661611906767762,-81.9,82.03949706016951,-19.60185185185185,-5.135714285714286,-0.06153846153846154,4.661611906767762
2026-03-08 23:07:43,yaw_0_plexi,roll_pitch,60,plexi,1,torque_x|torque_y,-0.26674570243034973,-0.02808199943836001,30.3,30.30118713628985,6.574074074074074,4.1,0.08875739644970414,6.574074074074074
2026-03-08 23:07:43,yaw_0_plexi,roll_pitch,60,plexi,2,torque_x|torque_y,-0.3852993479549496,0.05616399887672002,30.6,30.602477187023673,6.574074074074074,4.078571428571428,0.06863905325443787,6.574074074074074
2026-03-08 23:07:43,yaw_0_plexi,roll_pitch,60,plexi,3,torque_x|torque_y,-0.2963841138114997,-0.08424599831508003,28.8,28.801648232890283,6.194444444444445,3.9214285714285713,0.07337278106508875,6.194444444444445
2026-03-08 23:07:43,yaw_0_plexi,roll_pitch,60,plexi,4,torque_x|torque_y,-0.2963841138114997,0.0,27.8,27.801579874944515,6.101851851851852,3.85,0.06863905325443787,6.101851851851852
2026-03-08 23:07:43,yaw_0_plexi,roll_pitch,60,plexi,5,torque_x|torque_y,-0.3556609365737996,-0.02808199943836001,28.7,28.70221739344361,6.0,3.857142857142857,0.06863905325443787,6.0
2026-03-08 23:11:13,yaw_0_plexi,yaw,60,plexi,1,torque_z,-1.0966212211025488,1.4321819713563606,-53.0,53.030686619179754,-3.5925925925925926,-5.171428571428572,-0.20828402366863905,0.20828402366863905
2026-03-08 23:11:13,yaw_0_plexi,yaw,60,plexi,2,torque_z,-0.978067575577949,1.6849199663016008,-45.5,45.54169047669661,-5.611111111111111,-4.271428571428571,-0.20710059171597633,0.20710059171597633
2026-03-08 23:11:13,yaw_0_plexi,yaw,60,plexi,3,torque_z,-1.066982809721399,1.1794439764111204,-44.1,44.128670276926925,-5.027777777777778,-4.371428571428571,-0.20236686390532543,0.20236686390532543
2026-03-08 23:11:13,yaw_0_plexi,yaw,60,plexi,4,torque_z,-0.8891523414344991,1.7130019657399607,-45.6,45.64082566760715,-5.296296296296297,-4.271428571428571,-0.19763313609467456,0.19763313609467456
2026-03-08 23:11:13,yaw_0_plexi,yaw,60,plexi,5,torque_z,-0.978067575577949,1.3760179724796406,-50.2,50.228378847450216,-2.9074074074074074,-5.05,-0.19644970414201182,0.19644970414201182
2026-03-08 23:19:19,yaw_0_plexi,yaw,60,wood,1,torque_z,-1.807943094250148,-0.4773939904521202,22.9,22.976217339983677,3.2777777777777777,-2.2857142857142856,0.6,0.6
2026-03-08 23:19:19,yaw_0_plexi,yaw,60,wood,2,torque_z,-1.3930053349140485,-0.2808199943836001,22.2,22.24543377262724,3.2037037037037037,-1.8571428571428572,0.5739644970414202,0.5739644970414202
2026-03-08 23:19:19,yaw_0_plexi,yaw,60,wood,3,torque_z,-1.0373443983402488,-0.6178039876439203,16.8,16.8433299904715,1.9537037037037037,-0.22142857142857142,0.5739644970414202,0.5739644970414202
2026-03-08 23:19:19,yaw_0_plexi,yaw,60,wood,4,torque_z,-1.3337285121517486,-0.2808199943836001,22.7,22.74088150475641,3.175925925925926,-1.9357142857142857,0.570414201183432,0.570414201183432
2026-03-08 23:19:19,yaw_0_plexi,yaw,60,wood,5,torque_z,-1.3040901007705987,-0.3650659926986802,23.1,23.139661280363484,3.3333333333333335,-1.95,0.5562130177514792,0.5562130177514792
2026-03-08 23:19:19,yaw_0_plexi,yaw,60,wood,6,torque_z,-1.3930053349140485,-0.4212299915754002,23.6,23.64482815689092,3.6018518518518516,-2.007142857142857,0.5514792899408284,0.5514792899408284
2026-03-08 23:19:19,yaw_0_plexi,yaw,60,wood,7,torque_z,-1.3633669235328985,-0.5054759898904803,25.8,25.840941843217312,3.990740740740741,-2.157142857142857,0.5467455621301776,0.5467455621301776
2026-03-08 23:19:19,yaw_0_plexi,yaw,60,wood,8,torque_z,-1.5115589804386484,-0.4773939904521202,24.5,24.551226355794622,3.7777777777777777,-2.2285714285714286,0.5420118343195266,0.5420118343195266
2026-03-08 23:19:19,yaw_0_plexi,yaw,60,wood,9,torque_z,-1.4522821576763485,-0.4773939904521202,24.3,24.348039520413646,3.6666666666666665,-2.085714285714286,0.5408284023668639,0.5408284023668639
2026-03-08 23:19:19,yaw_0_plexi,yaw,60,wood,10,torque_z,-1.3040901007705987,-0.4212299915754002,23.4,23.440095684461923,3.462962962962963,-2.0142857142857142,0.5384615384615384,0.5384615384615384
2026-03-08 23:21:21,yaw_0_plexi,z,60,wood,1,force_z,1.7486662714878483,0.14040999719180006,42.2,42.23644810701239,0.6018518518518519,4.192857142857143,0.15621301775147928,42.2
2026-03-08 23:21:21,yaw_0_plexi,z,60,wood,2,force_z,2.0746887966804977,-0.2246559955068801,36.1,36.16026553994576,0.5648148148148148,3.6142857142857143,0.07810650887573964,36.1
2026-03-08 23:21:21,yaw_0_plexi,z,60,wood,3,force_z,0.8298755186721991,0.7020499859590003,26.1,26.122625587013196,-1.462962962962963,1.8857142857142857,-0.011834319526627219,26.1
2026-03-08 23:21:21,yaw_0_plexi,z,60,wood,4,force_z,0.02963841138114997,-2.021903959561921,18.8,18.908436584157915,6.638888888888889,-1.0142857142857142,-0.20118343195266272,18.8
2026-03-08 23:21:21,yaw_0_plexi,z,60,wood,5,force_z,0.23710729104919975,-1.8253299634934008,18.3,18.39233670154762,6.361111111111111,-0.8071428571428572,-0.3668639053254438,18.3
2026-03-08 23:21:21,yaw_0_plexi,z,60,wood,6,force_z,6.075874333135744,-0.11232799775344005,17.0,18.053500117460242,-2.824074074074074,13.35,0.28875739644970416,17.0
2026-03-08 23:21:21,yaw_0_plexi,z,60,wood,7,force_z,2.697095435684647,-0.8705419825891604,16.3,16.544550980085294,-8.50925925925926,7.707142857142857,0.45207100591715976,16.3
2026-03-08 23:21:21,yaw_0_plexi,z,60,wood,8,force_z,-0.0889152341434499,-1.0671159786576805,12.9,12.94436720858804,3.8703703703703702,0.5714285714285714,-0.12544378698224853,12.9
2026-03-08 23:21:21,yaw_0_plexi,z,60,wood,9,force_z,-0.20746887966804978,0.7301319853973604,12.4,12.423209571287567,-0.9722222222222222,-0.8,-0.02603550295857988,12.4
2026-03-08 23:21:21,yaw_0_plexi,z,60,wood,10,force_z,1.0373443983402488,-1.3479359730412805,11.5,11.625102786134264,7.277777777777778,2.414285714285714,-0.37751479289940826,11.5
2026-03-08 23:27:36,yaw_0_plexi,xy,60,wood,1,force_y,-0.978067575577949,12.327997753440044,-41.5,43.30341955078397,-37.611111111111114,-3.1857142857142855,-0.09230769230769231,12.327997753440044
2026-03-08 23:27:36,yaw_0_plexi,xy,60,wood,2,force_y,-0.8595139300533491,11.064307778713845,-47.1,48.38974757960681,-35.175925925925924,-3.5357142857142856,-0.1467455621301775,11.064307778713845
2026-03-08 23:27:36,yaw_0_plexi,xy,60,wood,3,force_y,-0.26674570243034973,10.474585790508284,-42.5,43.772572471268845,-34.68518518518518,-2.85,0.20118343195266272,10.474585790508284
2026-03-08 23:27:36,yaw_0_plexi,xy,60,wood,4,force_y,-0.14819205690574985,10.025273799494524,-33.0,34.48953574115722,-31.685185185185187,-0.6642857142857143,0.3633136094674556,10.025273799494524
2026-03-08 23:27:36,yaw_0_plexi,xy,60,wood,5,force_y,-0.6224066390041494,9.941027801179445,-45.5,46.57747764497449,-31.90740740740741,-3.2142857142857144,0.033136094674556214,9.941027801179445
2026-03-08 23:27:36,yaw_0_plexi,xy,60,wood,6,force_y,-0.23710729104919975,9.660207806795844,-40.3,41.44231936967268,-31.35185185185185,-2.1785714285714284,0.09349112426035502,9.660207806795844
2026-03-08 23:27:36,yaw_0_plexi,xy,60,wood,7,force_y,-0.948429164196799,9.604043807919124,-46.5,47.49091676672423,-31.34259259259259,-3.7714285714285714,0.028402366863905324,9.604043807919124
2026-03-08 23:27:36,yaw_0_plexi,xy,60,wood,8,force_y,-0.44457617071724953,9.547879809042405,-39.6,40.737202368590424,-29.09259259259259,-2.142857142857143,0.06745562130177515,9.547879809042405
2026-03-08 23:27:36,yaw_0_plexi,xy,60,wood,9,force_y,-0.44457617071724953,8.733501825329963,-43.3,44.174219881109515,-27.953703703703702,-2.414285714285714,0.014201183431952662,8.733501825329963
2026-03-08 23:27:36,yaw_0_plexi,xy,60,wood,10,force_y,0.14819205690574985,8.621173827576524,-37.6,38.575984745058946,-25.37037037037037,-1.6857142857142857,-0.1076923076923077,8.621173827576524
2026-03-08 23:28:33,yaw_0_plexi,roll_pitch,60,wood,1,torque_x,0.4742145820983995,-0.2246559955068801,-35.3,35.303899923184005,-12.50925925925926,-0.2571428571428571,-0.05562130177514793,12.50925925925926
2026-03-08 23:28:33,yaw_0_plexi,roll_pitch,60,wood,2,torque_x,0.20746887966804978,-0.2808199943836001,-32.3,32.30188699140154,-11.546296296296296,-0.8785714285714286,-0.0378698224852071,11.546296296296296
2026-03-08 23:28:33,yaw_0_plexi,roll_pitch,60,wood,3,torque_x,0.3556609365737996,-0.4212299915754002,-25.6,25.605935433168757,-9.425925925925926,-2.1714285714285713,0.023668639053254437,9.425925925925926
2026-03-08 23:28:33,yaw_0_plexi,roll_pitch,60,wood,4,torque_x,0.05927682276229994,0.8705419825891604,-18.2,18.22090439811282,-9.018518518518519,-1.1,-0.05207100591715976,9.018518518518519
2026-03-08 23:28:33,yaw_0_plexi,roll_pitch,60,wood,5,torque_x,0.20746887966804978,0.2808199943836001,-28.6,28.602131095519375,-8.805555555555555,-1.2,-0.03076923076923077,8.805555555555555
2026-03-08 23:28:33,yaw_0_plexi,roll_pitch,60,wood,6,torque_x,0.5038529934795495,-0.7020499859590003,-27.3,27.313673169711603,-8.768518518518519,0.2857142857142857,-0.05088757396449704,8.768518518518519
2026-03-08 23:28:33,yaw_0_plexi,roll_pitch,60,wood,7,torque_x,0.4742145820983995,1.2356079752878406,-18.2,18.248057610016186,-8.685185185185185,-0.45714285714285713,-0.04260355029585799,8.685185185185185
2026-03-08 23:28:33,yaw_0_plexi,roll_pitch,60,wood,8,torque_x,0.0889152341434499,0.5897219882055602,-17.8,17.809988151097574,-8.342592592592593,-1.0571428571428572,-0.08994082840236686,8.342592592592593
2026-03-08 23:28:33,yaw_0_plexi,roll_pitch,60,wood,9,torque_x,0.3852993479549496,-0.2808199943836001,-25.3,25.30449200155538,-7.972222222222222,0.2,-0.03550295857988166,7.972222222222222
2026-03-08 23:28:33,yaw_0_plexi,roll_pitch,60,wood,10,torque_x,0.11855364552459988,0.19657399606852008,-28.4,28.400927736656726,-7.87962962962963,-1.25,-0.02485207100591716,7.87962962962963
2026-03-08 23:31:22,yaw_0_plexi,roll_pitch,60,metal,1,torque_x,-0.05927682276229994,2.330805953383881,-21.4,21.52663861670109,-13.037037037037036,-0.7357142857142858,0.0378698224852071,13.037037037037036
2026-03-08 23:31:22,yaw_0_plexi,roll_pitch,60,metal,2,torque_x,0.05927682276229994,2.021903959561921,-26.5,26.577088052745903,-12.981481481481481,-0.37142857142857144,0.12071005917159763,12.981481481481481
2026-03-08 23:31:22,yaw_0_plexi,roll_pitch,60,metal,3,torque_x,-0.3556609365737996,0.19657399606852008,-31.0,31.00266337006766,-12.555555555555555,-1.55,-0.20591715976331362,12.555555555555555
2026-03-08 23:31:22,yaw_0_plexi,roll_pitch,60,metal,4,torque_x,0.02963841138114997,1.9376579612468408,-27.2,27.26894564903844,-12.472222222222221,-0.7428571428571429,0.05088757396449704,12.472222222222221
2026-03-08 23:31:22,yaw_0_plexi,roll_pitch,60,metal,5,torque_x,0.20746887966804978,0.25273799494524013,-31.8,31.8016810849697,-12.342592592592593,0.2571428571428571,0.04260355029585799,12.342592592592593
2026-03-08 23:31:22,yaw_0_plexi,roll_pitch,60,metal,6,torque_x,0.2963841138114997,1.7130019657399607,-26.8,26.85632549842865,-12.333333333333334,-0.42142857142857143,0.009467455621301775,12.333333333333334
2026-03-08 23:31:22,yaw_0_plexi,roll_pitch,60,metal,7,torque_x,-0.05927682276229994,0.5616399887672002,-29.4,29.40542387415456,-12.0,-1.0,-0.13609467455621302,12.0
2026-03-08 23:31:22,yaw_0_plexi,roll_pitch,60,metal,8,torque_x,-0.0889152341434499,2.134231957315361,-23.5,23.59688225097733,-11.935185185185185,-0.4357142857142857,0.03431952662721893,11.935185185185185
2026-03-08 23:31:22,yaw_0_plexi,roll_pitch,60,metal,9,torque_x,0.11855364552459988,1.3198539736029204,-31.4,31.427950449854386,-11.027777777777779,-0.32857142857142857,-0.016568047337278107,11.027777777777779
2026-03-08 23:31:22,yaw_0_plexi,roll_pitch,60,metal,10,torque_x,-0.2963841138114997,1.0390339792193204,-27.1,27.121530840881608,-11.0,-1.4,-0.02603550295857988,11.0
2026-03-08 23:33:34,yaw_0_plexi,z,60,metal,1,force_z,0.02963841138114997,-1.2917719741645606,58.2,58.214341474147645,17.15740740740741,-5.742857142857143,-0.6390532544378699,58.2
2026-03-08 23:33:34,yaw_0_plexi,z,60,metal,2,force_z,-2.4303497332542974,-0.7862959842740803,55.3,55.35896369334252,13.555555555555555,-9.257142857142858,-0.34437869822485206,55.3
2026-03-08 23:33:34,yaw_0_plexi,z,60,metal,3,force_z,-0.5631298162418494,1.2356079752878406,35.1,35.126255739240634,-3.787037037037037,-3.585714285714286,-0.09822485207100591,35.1
2026-03-08 23:33:34,yaw_0_plexi,z,60,metal,4,force_z,1.0966212211025488,-2.218477955630441,35.1,35.18713149067697,12.722222222222221,0.11428571428571428,-0.35384615384615387,35.1
2026-03-08 23:33:34,yaw_0_plexi,z,60,metal,5,force_z,-1.3040901007705987,0.0,34.9,34.924356128509054,7.7407407407407405,-7.485714285714286,0.002366863905325444,34.9
2026-03-08 23:33:34,yaw_0_plexi,z,60,metal,6,force_z,-0.0889152341434499,0.6178039876439203,31.6,31.606163760981996,0.2222222222222222,-1.2,0.06745562130177515,31.6
2026-03-08 23:33:34,yaw_0_plexi,z,60,metal,7,force_z,-0.14819205690574985,0.8424599831508004,29.6,29.61235721297682,0.75,-2.1857142857142855,-0.10059171597633136,29.6
2026-03-08 23:33:34,yaw_0_plexi,z,60,metal,8,force_z,-0.3556609365737996,1.5164279696714407,26.8,26.84522394186732,-5.666666666666667,-2.164285714285714,0.11124260355029586,26.8
2026-03-08 23:33:34,yaw_0_plexi,z,60,metal,9,force_z,-1.0966212211025488,-0.5897219882055602,25.9,25.929912266067262,11.953703703703704,-0.6785714285714286,0.03431952662721893,25.9
2026-03-08 23:33:34,yaw_0_plexi,z,60,metal,10,force_z,-0.5038529934795495,0.08424599831508003,25.5,25.5051164519449,8.49074074074074,-1.0357142857142858,0.10059171597633136,25.5
2026-03-08 23:34:45,yaw_0_plexi,xy,60,metal,1,force_y,-0.6224066390041494,10.306093793878125,-33.0,34.5774920911348,-25.48148148148148,-2.5714285714285716,0.0650887573964497,10.306093793878125
2026-03-08 23:34:45,yaw_0_plexi,xy,60,metal,2,force_y,-0.14819205690574985,9.547879809042405,-26.8,28.450377321463584,-22.15740740740741,-2.3142857142857145,0.0863905325443787,9.547879809042405
2026-03-08 23:34:45,yaw_0_plexi,xy,60,metal,3,force_y,0.3260225251926497,9.210895815782084,-32.2,33.49308723328032,-24.462962962962962,-1.2357142857142858,-0.022485207100591716,9.210895815782084
2026-03-08 23:34:45,yaw_0_plexi,xy,60,metal,4,force_y,-0.14819205690574985,9.154731816905365,-39.2,40.25507515239774,-26.175925925925927,0.9285714285714286,0.19881656804733727,9.154731816905365
2026-03-08 23:34:45,yaw_0_plexi,xy,60,metal,5,force_y,0.44457617071724953,9.014321819713563,-23.6,25.26688832921327,-21.333333333333332,-0.7785714285714286,0.2863905325443787,9.014321819713563
2026-03-08 23:34:45,yaw_0_plexi,xy,60,metal,6,force_y,0.6224066390041494,8.733501825329963,-26.0,27.434675944091598,-21.09259259259259,-0.34285714285714286,0.26153846153846155,8.733501825329963
2026-03-08 23:34:45,yaw_0_plexi,xy,60,metal,7,force_y,0.1778304682868998,8.593091828138164,-33.0,34.100921554149615,-21.11111111111111,-1.207142857142857,0.12071005917159763,8.593091828138164
2026-03-08 23:34:45,yaw_0_plexi,xy,60,metal,8,force_y,-0.1778304682868998,8.536927829261444,-28.7,29.943292411447835,-21.01851851851852,0.08571428571428572,0.26745562130177514,8.536927829261444
2026-03-08 23:34:45,yaw_0_plexi,xy,60,metal,9,force_y,0.5038529934795495,8.508845829823084,-29.0,30.22671542187037,-21.48148148148148,-0.2714285714285714,0.23076923076923078,8.508845829823084
2026-03-08 23:34:45,yaw_0_plexi,xy,60,metal,10,force_y,-0.14819205690574985,8.115697837686044,-19.8,21.399217562293064,-19.73148148148148,-1.75,0.39289940828402364,8.115697837686044
2026-03-08 23:35:49,yaw_0_plexi,yaw,60,metal,1,torque_z,0.3852993479549496,0.7862959842740803,-32.2,32.21190334274615,-6.324074074074074,-3.0,-1.0686390532544379,1.0686390532544379
2026-03-08 23:35:49,yaw_0_plexi,yaw,60,metal,2,torque_z,0.3556609365737996,0.8986239820275204,-17.5,17.52666596255202,-1.6666666666666667,-2.142857142857143,-0.9668639053254438,0.9668639053254438
2026-03-08 23:35:49,yaw_0_plexi,yaw,60,metal,3,torque_z,0.8298755186721991,0.5335579893288402,-28.9,28.916835537528446,-3.675925925925926,0.4357142857142857,-0.914792899408284,0.914792899408284
2026-03-08 23:35:49,yaw_0_plexi,yaw,60,metal,4,torque_z,-0.11855364552459988,0.5897219882055602,-22.5,22.508039163601975,-1.6851851851851851,-2.4,-0.8094674556213017,0.8094674556213017
2026-03-08 23:35:49,yaw_0_plexi,yaw,60,metal,5,torque_z,0.8891523414344991,0.33698399326032014,-11.8,11.838249452431391,-0.6481481481481481,0.07857142857142857,-0.749112426035503,0.749112426035503
2026-03-08 23:35:49,yaw_0_plexi,yaw,60,metal,6,torque_z,0.8298755186721991,0.05616399887672002,-11.1,11.13112068801975,1.1018518518518519,-0.7357142857142858,-0.7372781065088757,0.7372781065088757
2026-03-08 23:35:49,yaw_0_plexi,yaw,60,metal,7,torque_z,-0.3260225251926497,0.39314799213704016,-12.9,12.910106739708016,-0.9259259259259259,-2.3785714285714286,-0.6804733727810651,0.6804733727810651
2026-03-08 23:35:49,yaw_0_plexi,yaw,60,metal,8,torque_z,-0.3556609365737996,0.33698399326032014,-15.4,15.40779195451179,-1.3148148148148149,-2.3142857142857145,-0.6579881656804734,0.6579881656804734
2026-03-08 23:35:49,yaw_0_plexi,yaw,60,metal,9,torque_z,0.26674570243034973,0.5054759898904803,-23.2,23.20703900212435,-1.6944444444444444,-1.45,-0.6497041420118344,0.6497041420118344
2026-03-08 23:35:49,yaw_0_plexi,yaw,60,metal,10,torque_z,0.26674570243034973,0.5616399887672002,-6.7,6.72878835651319,-1.037037037037037,-0.35,-0.6236686390532544,0.6236686390532544
2026-03-08 23:42:16,yaw_0_plexi,yaw,90,metal,1,torque_z,1.2744516893894486,1.6287559674248806,-23.4,23.491212678574293,-3.287037037037037,0.5642857142857143,-0.9538461538461539,0.9538461538461539
2026-03-08 23:42:16,yaw_0_plexi,yaw,90,metal,2,torque_z,1.0373443983402488,1.7972479640550407,-26.0,26.082679763495698,-4.277777777777778,0.8214285714285714,-0.8650887573964497,0.8650887573964497
2026-03-08 23:42:16,yaw_0_plexi,yaw,90,metal,3,torque_z,0.948429164196799,1.9095759618084809,-21.0,21.10796054178176,-2.3425925925925926,0.38571428571428573,-0.8236686390532545,0.8236686390532545
2026-03-08 23:42:16,yaw_0_plexi,yaw,90,metal,4,torque_z,0.918790752815649,1.8814939623701208,-23.3,23.393892279351352,-3.009259259259259,0.6928571428571428,-0.685207100591716,0.685207100591716
2026-03-08 23:42:16,yaw_0_plexi,yaw,90,metal,5,torque_z,-0.1778304682868998,0.11232799775344005,-1.6,1.6137661709586166,3.6944444444444446,-1.207142857142857,-0.6698224852071006,0.6698224852071006
2026-03-08 23:42:16,yaw_0_plexi,yaw,90,metal,6,torque_z,0.4742145820983995,1.9657399606852008,-15.3,15.433049376675674,-1.2685185185185186,-1.3071428571428572,-0.6473372781065089,0.6473372781065089
2026-03-08 23:42:16,yaw_0_plexi,yaw,90,metal,7,torque_z,0.14819205690574985,0.9828699803426004,-12.1,12.140757566313093,-0.8055555555555556,-0.03571428571428571,-0.6331360946745562,0.6331360946745562
2026-03-08 23:42:16,yaw_0_plexi,yaw,90,metal,8,torque_z,0.8891523414344991,1.7972479640550407,-21.9,21.99160503761784,-3.7037037037037037,0.7642857142857142,-0.557396449704142,0.557396449704142
2026-03-08 23:42:16,yaw_0_plexi,yaw,90,metal,9,torque_z,0.8595139300533491,1.0109519797809605,-0.5,1.4180226025627367,0.25,0.18571428571428572,-0.5100591715976331,0.5100591715976331
2026-03-08 23:42:16,yaw_0_plexi,yaw,90,metal,10,torque_z,0.7705986959098992,1.5164279696714407,-13.6,13.705961335759701,-1.962962962962963,0.3357142857142857,-0.5076923076923077,0.5076923076923077
2026-03-08 23:43:20,yaw_0_plexi,z,90,metal,1,force_z,-0.1778304682868998,-1.0109519797809605,55.7,55.70945743391219,12.675925925925926,0.6,0.05207100591715976,55.7
2026-03-08 23:43:20,yaw_0_plexi,z,90,metal,2,force_z,0.23710729104919975,-0.4212299915754002,46.1,46.102534144808914,5.111111111111111,1.1857142857142857,-0.26272189349112424,46.1
2026-03-08 23:43:20,yaw_0_plexi,z,90,metal,3,force_z,0.2963841138114997,-0.8986239820275204,45.3,45.309881577907426,4.62037037037037,1.0142857142857142,0.009467455621301775,45.3
2026-03-08 23:43:20,yaw_0_plexi,z,90,metal,4,force_z,1.4522821576763485,-0.4212299915754002,38.3,38.329839005288136,1.6574074074074074,-0.44285714285714284,-0.11952662721893491,38.3
2026-03-08 23:43:20,yaw_0_plexi,z,90,metal,5,force_z,1.4226437462951984,-0.6458859870822803,37.7,37.73236122928411,-0.3888888888888889,2.4285714285714284,0.11479289940828402,37.7
2026-03-08 23:43:20,yaw_0_plexi,z,90,metal,6,force_z,1.5708358032009484,-0.4493119910137602,32.7,32.74079116921103,1.787037037037037,0.24285714285714285,-0.05798816568047337,32.7
2026-03-08 23:43:20,yaw_0_plexi,z,90,metal,7,force_z,1.3040901007705987,0.02808199943836001,29.8,29.82853398324531,2.0277777777777777,2.8642857142857143,0.004733727810650888,29.8
2026-03-08 23:43:20,yaw_0_plexi,z,90,metal,8,force_z,-0.978067575577949,-0.8424599831508004,28.0,28.02974054474296,9.972222222222221,-4.321428571428571,-0.6804733727810651,28.0
2026-03-08 23:43:20,yaw_0_plexi,z,90,metal,9,force_z,-1.7486662714878483,-1.1513619769727605,27.5,27.579584263201973,9.38888888888889,-2.2285714285714286,-0.15502958579881657,27.5
2026-03-08 23:43:20,yaw_0_plexi,z,90,metal,10,force_z,1.867219917012448,0.02808199943836001,26.0,26.06697717068821,-1.0740740740740742,3.25,0.04260355029585799,26.0
2026-03-08 23:44:06,yaw_0_plexi,xy,90,metal,1,force_y,-0.20746887966804978,8.480763830384724,-21.9,23.48566367984504,-21.35185185185185,-2.5785714285714287,0.11124260355029586,8.480763830384724
2026-03-08 23:44:06,yaw_0_plexi,xy,90,metal,2,force_y,0.0889152341434499,8.452681830946364,-23.5,24.974101306234697,-18.35185185185185,-1.0857142857142856,-0.1301775147928994,8.452681830946364
2026-03-08 23:44:06,yaw_0_plexi,xy,90,metal,3,force_y,-0.2963841138114997,8.115697837686044,-22.2,23.638790048044797,-20.09259259259259,-0.9857142857142858,0.14201183431952663,8.115697837686044
2026-03-08 23:44:06,yaw_0_plexi,xy,90,metal,4,force_y,-0.2963841138114997,7.750631844987363,-23.1,24.367399072109688,-19.25,-0.9428571428571428,0.13964497041420118,7.750631844987363
2026-03-08 23:44:06,yaw_0_plexi,xy,90,metal,5,force_y,-0.8298755186721991,7.610221847795563,-23.7,24.905705570193273,-20.064814814814813,-1.6214285714285714,0.05798816568047337,7.610221847795563
2026-03-08 23:44:06,yaw_0_plexi,xy,90,metal,6,force_y,-0.7705986959098992,7.188991856220163,-24.7,25.73646102825596,-18.99074074074074,-1.4071428571428573,0.08047337278106509,7.188991856220163
2026-03-08 23:44:06,yaw_0_plexi,xy,90,metal,7,force_y,-0.20746887966804978,6.964335860713283,-15.3,16.81175235711161,-16.546296296296298,-0.8571428571428571,0.09467455621301775,6.964335860713283
2026-03-08 23:44:06,yaw_0_plexi,xy,90,metal,8,force_y,-0.1778304682868998,6.936253861274923,-15.8,17.25639711247694,-16.62962962962963,-0.8642857142857143,0.10295857988165681,6.936253861274923
2026-03-08 23:44:06,yaw_0_plexi,xy,90,metal,9,force_y,-0.2963841138114997,6.795843864083123,-16.7,18.032230515604997,-16.59259259259259,-0.8642857142857143,0.10177514792899409,6.795843864083123
2026-03-08 23:44:06,yaw_0_plexi,xy,90,metal,10,force_y,-0.2963841138114997,6.739679865206403,-12.1,13.853560128298733,-15.203703703703704,-1.292857142857143,-0.005917159763313609,6.739679865206403
2026-03-08 23:46:03,yaw_0_plexi,roll_pitch,90,metal,1,torque_x,0.14819205690574985,-0.11232799775344005,-6.9,6.902505231059898,-7.62962962962963,-0.05714285714285714,-0.07100591715976332,7.62962962962963
2026-03-08 23:46:03,yaw_0_plexi,roll_pitch,90,metal,2,torque_x,0.0889152341434499,0.19657399606852008,-3.5,3.5066433030453967,-6.916666666666667,-0.02142857142857143,-0.06390532544378698,6.916666666666667
2026-03-08 23:46:03,yaw_0_plexi,roll_pitch,90,metal,3,torque_x,0.14819205690574985,0.16849199663016007,-2.9,2.908668155472256,-6.37962962962963,0.05714285714285714,-0.06153846153846154,6.37962962962963
2026-03-08 23:46:03,yaw_0_plexi,roll_pitch,90,metal,4,torque_x,0.5631298162418494,-1.0390339792193204,15.1,15.14617796012951,5.833333333333333,1.6428571428571428,-0.11479289940828402,5.833333333333333
2026-03-08 23:46:03,yaw_0_plexi,roll_pitch,90,metal,5,torque_x,0.5927682276229994,-1.0109519797809605,14.5,14.547281466896225,5.453703703703703,1.7285714285714286,-0.11124260355029586,5.453703703703703
2026-03-08 23:46:03,yaw_0_plexi,roll_pitch,90,metal,6,torque_x,0.5334914048606995,-1.0109519797809605,14.8,14.844077505338056,5.407407407407407,1.6642857142857144,-0.11715976331360947,5.407407407407407
2026-03-08 23:46:03,yaw_0_plexi,roll_pitch,90,metal,7,torque_x,0.5334914048606995,-1.0109519797809605,14.7,14.744376452888174,5.296296296296297,1.9857142857142858,-0.11715976331360947,5.296296296296297
2026-03-08 23:46:03,yaw_0_plexi,roll_pitch,90,metal,8,torque_x,0.3556609365737996,-0.33698399326032014,20.1,20.10597057874895,5.083333333333333,1.042857142857143,-0.06982248520710059,5.083333333333333
2026-03-08 23:46:03,yaw_0_plexi,roll_pitch,90,metal,9,torque_x,0.5927682276229994,-0.7862959842740803,15.0,15.032286437750075,4.953703703703703,1.8357142857142856,-0.10177514792899409,4.953703703703703
2026-03-08 23:46:03,yaw_0_plexi,roll_pitch,90,metal,10,torque_x,0.6224066390041494,-0.9267059814658803,-0.2,1.134096116015341,-4.935185185185185,1.1285714285714286,-0.07100591715976332,4.935185185185185
2026-03-08 23:49:28,yaw_0_plexi,roll_pitch,90,wood,1,torque_x,0.7705986959098992,-0.6458859870822803,21.4,21.423608264212806,-9.11111111111111,-0.39285714285714285,0.020118343195266272,9.11111111111111
2026-03-08 23:49:28,yaw_0_plexi,roll_pitch,90,wood,2,torque_x,0.5631298162418494,-2.386969952260601,23.9,24.025501883268443,-7.333333333333333,-1.2714285714285714,0.03550295857988166,7.333333333333333
2026-03-08 23:49:28,yaw_0_plexi,roll_pitch,90,wood,3,torque_x,0.6520450503852994,-2.9486099410278013,39.7,39.814689039750895,6.962962962962963,0.7714285714285715,-0.05798816568047337,6.962962962962963
2026-03-08 23:49:28,yaw_0_plexi,roll_pitch,90,wood,4,torque_x,1.066982809721399,-3.2013479359730415,32.3,32.47579222934215,6.925925925925926,2.142857142857143,-0.014201183431952662,6.925925925925926
2026-03-08 23:49:28,yaw_0_plexi,roll_pitch,90,wood,5,torque_x,1.0966212211025488,-3.173265936534681,30.3,30.485442342313878,6.648148148148148,2.0142857142857142,-0.08165680473372781,6.648148148148148
2026-03-08 23:49:28,yaw_0_plexi,roll_pitch,90,wood,6,torque_x,0.948429164196799,-2.864363942712721,35.1,35.2294493098574,6.518518518518518,1.3714285714285714,-0.05562130177514793,6.518518518518518
2026-03-08 23:49:28,yaw_0_plexi,roll_pitch,90,wood,7,torque_x,1.0373443983402488,-2.808199943836001,36.4,36.522897890574455,6.4907407407407405,1.6928571428571428,-0.05207100591715976,6.4907407407407405
2026-03-08 23:49:28,yaw_0_plexi,roll_pitch,90,wood,8,torque_x,0.8002371072910491,-3.3136759337264814,24.1,24.3399019640927,-6.324074074074074,-1.707142857142857,0.04970414201183432,6.324074074074074
2026-03-08 23:49:28,yaw_0_plexi,roll_pitch,90,wood,9,torque_x,0.918790752815649,-2.7520359449592813,38.3,38.40973676413062,6.212962962962963,1.5071428571428571,-0.05798816568047337,6.212962962962963
2026-03-08 23:49:28,yaw_0_plexi,roll_pitch,90,wood,10,torque_x,0.8595139300533491,-2.723953945520921,35.4,35.51504877222154,6.138888888888889,1.8214285714285714,-0.011834319526627219,6.138888888888889
2026-03-08 23:50:43,yaw_0_plexi,z,90,wood,1,force_z,2.2821576763485476,-2.7520359449592813,49.6,49.72868332765372,18.953703703703702,3.6714285714285713,0.005917159763313609,49.6
2026-03-08 23:50:43,yaw_0_plexi,z,90,wood,2,force_z,0.6816834617664492,-0.8705419825891604,46.9,46.913031619002155,8.24074074074074,2.7785714285714285,-0.015384615384615385,46.9
2026-03-08 23:50:43,yaw_0_plexi,z,90,wood,3,force_z,1.3633669235328985,-0.7301319853973604,38.0,38.03145884769981,3.1944444444444446,0.42142857142857143,0.007100591715976331,38.0
2026-03-08 23:50:43,yaw_0_plexi,z,90,wood,4,force_z,0.6224066390041494,-0.4212299915754002,36.9,36.90765265808812,1.3981481481481481,-0.42857142857142855,0.054437869822485205,36.9
2026-03-08 23:50:43,yaw_0_plexi,z,90,wood,5,force_z,0.23710729104919975,0.5897219882055602,35.5,35.50568957069897,-0.6296296296296297,-1.6571428571428573,0.015384615384615385,35.5
2026-03-08 23:50:43,yaw_0_plexi,z,90,wood,6,force_z,0.5334914048606995,-0.05616399887672002,34.7,34.70414625767115,1.6759259259259258,1.6928571428571428,0.02485207100591716,34.7
2026-03-08 23:50:43,yaw_0_plexi,z,90,wood,7,force_z,0.20746887966804978,0.25273799494524013,26.4,26.40202491912542,-0.14814814814814814,-0.2857142857142857,-0.047337278106508875,26.4
2026-03-08 23:50:43,yaw_0_plexi,z,90,wood,8,force_z,0.1778304682868998,0.02808199943836001,15.8,15.801025671586753,1.7685185185185186,0.5785714285714286,0.0035502958579881655,15.8
2026-03-08 23:50:43,yaw_0_plexi,z,90,wood,9,force_z,1.6597510373443982,0.7582139848357203,12.6,12.73144382828461,-11.203703703703704,3.107142857142857,-0.1289940828402367,12.6
2026-03-08 23:50:43,yaw_0_plexi,z,90,wood,10,force_z,-0.5631298162418494,1.5725919685481606,12.2,12.313819906490542,-4.2407407407407405,-2.107142857142857,0.01775147928994083,12.2
2026-03-08 23:51:24,yaw_0_plexi,xy,90,wood,1,force_y,-2.2821576763485476,11.120471777590565,-28.3,30.4920175819165,-31.63888888888889,-2.4642857142857144,0.0378698224852071,11.120471777590565
2026-03-08 23:51:24,yaw_0_plexi,xy,90,wood,2,force_y,-1.9857735625370478,10.755405784891884,-20.7,23.411792973613895,-29.50925925925926,-3.257142857142857,-0.047337278106508875,10.755405784891884
2026-03-08 23:51:24,yaw_0_plexi,xy,90,wood,3,force_y,-0.23710729104919975,9.884863802302725,-8.5,13.03904721433063,-23.462962962962962,0.95,0.06035502958579882,9.884863802302725
2026-03-08 23:51:24,yaw_0_plexi,xy,90,wood,4,force_y,-1.6597510373443982,9.604043807919124,-22.6,24.61203833432728,-25.944444444444443,-3.15,0.011834319526627219,9.604043807919124
2026-03-08 23:51:24,yaw_0_plexi,xy,90,wood,5,force_y,-2.015411973918198,9.435551811288963,-19.1,21.398633680871576,-29.87037037037037,-2.4571428571428573,0.5431952662721894,9.435551811288963
2026-03-08 23:51:24,yaw_0_plexi,xy,90,wood,6,force_y,-1.7783046828689981,9.407469811850603,-33.6,34.937413410354154,-28.73148148148148,-2.7071428571428573,0.15266272189349112,9.407469811850603
2026-03-08 23:51:24,yaw_0_plexi,xy,90,wood,7,force_y,-1.807943094250148,9.210895815782084,-35.8,37.010123749607196,-28.685185185185187,-2.7642857142857142,0.17988165680473372,9.210895815782084
2026-03-08 23:51:24,yaw_0_plexi,xy,90,wood,8,force_y,-0.3852993479549496,9.014321819713563,-14.0,16.65552321174266,-22.694444444444443,-0.9857142857142858,0.17041420118343195,9.014321819713563
2026-03-08 23:51:24,yaw_0_plexi,xy,90,wood,9,force_y,-2.133965619442798,8.845829823083404,-38.9,39.9501253380251,-28.11111111111111,-3.592857142857143,0.1301775147928994,8.845829823083404
2026-03-08 23:51:24,yaw_0_plexi,xy,90,wood,10,force_y,-0.14819205690574985,8.845829823083404,-4.9,10.113390437666379,-20.712962962962962,0.7857142857142857,0.027218934911242602,8.845829823083404
2026-03-08 23:53:05,yaw_0_plexi,yaw,90,wood,1,torque_z,-0.6520450503852994,0.14040999719180006,-8.7,8.725530225438645,-1.9351851851851851,-0.12857142857142856,0.685207100591716,0.685207100591716
2026-03-08 23:53:05,yaw_0_plexi,yaw,90,wood,2,torque_z,-0.4742145820983995,0.16849199663016007,-5.3,5.323839687932308,-1.2962962962962963,-0.10714285714285714,0.6082840236686391,0.6082840236686391
2026-03-08 23:53:05,yaw_0_plexi,yaw,90,wood,3,torque_z,-0.4742145820983995,-0.30890199382196015,-3.8,3.8419135742051695,-0.8796296296296297,-0.21428571428571427,0.5479289940828402,0.5479289940828402
2026-03-08 23:53:05,yaw_0_plexi,yaw,90,wood,4,torque_z,-0.918790752815649,0.19657399606852008,-3.8,3.9144370966193716,-2.1944444444444446,-0.9071428571428571,0.4982248520710059,0.4982248520710059
2026-03-08 23:53:05,yaw_0_plexi,yaw,90,wood,5,torque_z,-0.14819205690574985,-0.30890199382196015,5.4,5.410857725676877,0.4166666666666667,0.5785714285714286,0.4662721893491124,0.4662721893491124
2026-03-08 23:53:05,yaw_0_plexi,yaw,90,wood,6,torque_z,-0.11855364552459988,0.05616399887672002,-12.0,12.00071703531239,-1.8425925925925926,-0.37142857142857144,0.4556213017751479,0.4556213017751479
2026-03-08 23:53:05,yaw_0_plexi,yaw,90,wood,7,torque_z,-0.5631298162418494,0.33698399326032014,-13.1,13.116427615843204,-1.9907407407407407,-0.8285714285714286,0.4532544378698225,0.4532544378698225
2026-03-08 23:53:05,yaw_0_plexi,yaw,90,wood,8,torque_z,0.3556609365737996,1.2917719741645606,-21.1,21.14249676682112,-3.138888888888889,-1.1428571428571428,-0.450887573964497,0.450887573964497
2026-03-08 23:53:05,yaw_0_plexi,yaw,90,wood,9,torque_z,0.11855364552459988,0.8705419825891604,5.5,5.569730541984724,0.037037037037037035,-0.30714285714285716,-0.4319526627218935,0.4319526627218935
2026-03-08 23:53:05,yaw_0_plexi,yaw,90,wood,10,torque_z,0.20746887966804978,-1.0671159786576805,12.4,12.447561200811077,3.0925925925925926,1.4928571428571429,0.4165680473372781,0.4165680473372781
2026-03-08 23:56:24,yaw_0_plexi,yaw,90,plexi,1,torque_z,0.7705986959098992,0.7301319853973604,-10.3,10.354560109740941,0.7777777777777778,0.07857142857142857,-0.6650887573964497,0.6650887573964497
2026-03-08 23:56:24,yaw_0_plexi,yaw,90,plexi,2,torque_z,0.8891523414344991,0.19657399606852008,-5.0,5.082246867499531,1.25,0.7571428571428571,-0.6414201183431952,0.6414201183431952
2026-03-08 23:56:24,yaw_0_plexi,yaw,90,plexi,3,torque_z,0.5631298162418494,1.1232799775344005,-10.3,10.376361264811006,-1.7314814814814814,-0.8642857142857143,-0.6248520710059171,0.6248520710059171
2026-03-08 23:56:24,yaw_0_plexi,yaw,90,plexi,4,torque_z,0.20746887966804978,1.6006739679865207,-12.8,12.901364287850354,-2.2962962962962963,-0.6642857142857143,-0.5834319526627219,0.5834319526627219
2026-03-08 23:56:24,yaw_0_plexi,yaw,90,plexi,5,torque_z,0.7705986959098992,0.3650659926986802,-2.7,2.8314476031110147,0.4166666666666667,-0.17142857142857143,-0.5644970414201184,0.5644970414201184
2026-03-08 23:56:24,yaw_0_plexi,yaw,90,plexi,6,torque_z,0.8298755186721991,0.33698399326032014,-3.6,3.7097508795342478,0.5092592592592593,-0.07857142857142857,-0.5621301775147929,0.5621301775147929
2026-03-08 23:56:24,yaw_0_plexi,yaw,90,plexi,7,torque_z,0.978067575577949,0.4212299915754002,-11.8,11.84795555731872,0.8981481481481481,0.65,-0.5195266272189349,0.5195266272189349
2026-03-08 23:56:24,yaw_0_plexi,yaw,90,plexi,8,torque_z,1.3040901007705987,-0.08424599831508003,-2.5,2.820948134787305,-0.9351851851851852,-0.15,-0.514792899408284,0.514792899408284
2026-03-08 23:56:24,yaw_0_plexi,yaw,90,plexi,9,torque_z,0.20746887966804978,1.1513619769727605,-13.6,13.650226288895336,-0.9722222222222222,0.21428571428571427,-0.47810650887573963,0.47810650887573963
2026-03-08 23:56:24,yaw_0_plexi,yaw,90,plexi,10,torque_z,0.26674570243034973,0.9828699803426004,-12.6,12.641091197678456,-0.6666666666666666,0.6714285714285714,-0.4757396449704142,0.4757396449704142
2026-03-08 23:58:47,yaw_0_plexi,z,90,plexi,1,force_z,1.1558980438648487,-0.9547879809042404,52.7,52.72132130719307,7.12962962962963,2.5428571428571427,-0.002366863905325444,52.7
2026-03-08 23:58:47,yaw_0_plexi,z,90,plexi,2,force_z,1.6893894487255483,-0.14040999719180006,47.5,47.53024039153154,1.8240740740740742,2.6,-0.007100591715976331,47.5
2026-03-08 23:58:47,yaw_0_plexi,z,90,plexi,3,force_z,0.8595139300533491,-0.5616399887672002,47.0,47.01121359498112,3.8333333333333335,2.0642857142857145,-0.005917159763313609,47.0
2026-03-08 23:58:47,yaw_0_plexi,z,90,plexi,4,force_z,1.9857735625370478,-0.05616399887672002,46.1,46.1427833039625,0.9629629629629629,1.8571428571428572,0.046153846153846156,46.1
2026-03-08 23:58:47,yaw_0_plexi,z,90,plexi,5,force_z,0.44457617071724953,-0.14040999719180006,43.5,43.50249835284039,3.138888888888889,3.2857142857142856,-0.0035502958579881655,43.5
2026-03-08 23:58:47,yaw_0_plexi,z,90,plexi,6,force_z,2.2525192649673977,-0.11232799775344005,41.5,41.56123747698243,1.0277777777777777,2.6785714285714284,0.04497041420118343,41.5
2026-03-08 23:58:47,yaw_0_plexi,z,90,plexi,7,force_z,0.5927682276229994,-0.3650659926986802,40.3,40.30601254590565,2.787037037037037,1.8642857142857143,-0.007100591715976331,40.3
2026-03-08 23:58:47,yaw_0_plexi,z,90,plexi,8,force_z,0.8298755186721991,0.9828699803426004,12.3,12.367082387319579,-3.5185185185185186,2.2642857142857142,0.05562130177514793,12.3
2026-03-08 23:58:47,yaw_0_plexi,z,90,plexi,9,force_z,-0.23710729104919975,-0.4493119910137602,11.0,11.011725620116833,3.611111111111111,-0.9,-0.011834319526627219,11.0
2026-03-08 23:58:47,yaw_0_plexi,z,90,plexi,10,force_z,-3.1713100177830467,1.1794439764111204,10.6,11.126917602030833,-1.6481481481481481,-4.071428571428571,0.09112426035502959,10.6
2026-03-08 23:59:48,yaw_0_plexi,xy,90,plexi,1,force_y,-0.3852993479549496,7.975287840494243,-21.7,23.122363022110648,-17.88888888888889,-1.5642857142857143,0.036686390532544376,7.975287840494243
2026-03-08 23:59:48,yaw_0_plexi,xy,90,plexi,2,force_y,-0.02963841138114997,7.188991856220163,-11.7,13.73216961533133,-14.277777777777779,-1.3428571428571427,0.023668639053254437,7.188991856220163
2026-03-08 23:59:48,yaw_0_plexi,xy,90,plexi,3,force_y,-0.5334914048606995,6.711597865768042,-22.0,23.00717624983219,-17.09259259259259,-1.2571428571428571,0.19881656804733727,6.711597865768042
2026-03-08 23:59:48,yaw_0_plexi,xy,90,plexi,4,force_y,-0.3556609365737996,6.627351867452963,-19.3,20.409269645845654,-15.518518518518519,-1.1,0.05917159763313609,6.627351867452963
2026-03-08 23:59:48,yaw_0_plexi,xy,90,plexi,5,force_y,-0.7409602845287492,6.515023869699522,-25.3,26.135886404826667,-18.09259259259259,-1.5142857142857142,0.21893491124260356,6.515023869699522
2026-03-08 23:59:48,yaw_0_plexi,xy,90,plexi,6,force_y,-1.2448132780082988,6.346531873069362,-7.0,9.530373912548818,-12.24074074074074,-2.5714285714285716,0.2106508875739645,6.346531873069362
2026-03-08 23:59:48,yaw_0_plexi,xy,90,plexi,7,force_y,0.14819205690574985,6.262285874754283,-3.4,7.127284564466117,-10.018518518518519,-0.35,-0.05088757396449704,6.262285874754283
2026-03-08 23:59:48,yaw_0_plexi,xy,90,plexi,8,force_y,0.14819205690574985,6.206121875877563,-3.1,6.938869477369926,-9.962962962962964,-0.5928571428571429,-0.04497041420118343,6.206121875877563
2026-03-08 23:59:48,yaw_0_plexi,xy,90,plexi,9,force_y,0.3556609365737996,5.8972198820556025,-2.7,6.495667559159447,-9.296296296296296,-0.03571428571428571,-0.1467455621301775,5.8972198820556025
2026-03-08 23:59:48,yaw_0_plexi,xy,90,plexi,10,force_y,-0.7409602845287492,5.812973883740522,-17.2,18.170847187632674,-14.462962962962964,-1.3071428571428572,0.23076923076923078,5.812973883740522
2026-03-09 00:02:12,yaw_0_plexi,roll_pitch,90,plexi,1,torque_x,-0.44457617071724953,-1.0390339792193204,1.8,2.125379867586486,8.851851851851851,1.0,-0.11124260355029586,8.851851851851851
2026-03-09 00:02:12,yaw_0_plexi,roll_pitch,90,plexi,2,torque_x,0.5631298162418494,-1.7691659646166806,3.1,3.6134558804970416,8.574074074074074,2.5285714285714285,-0.1727810650887574,8.574074074074074
2026-03-09 00:02:12,yaw_0_plexi,roll_pitch,90,plexi,3,torque_x,0.8891523414344991,-1.3198539736029204,-0.3,1.6194463244929949,8.407407407407407,2.55,-0.11597633136094675,8.407407407407407
2026-03-09 00:02:12,yaw_0_plexi,roll_pitch,90,plexi,4,torque_x,-0.5038529934795495,-0.9547879809042404,2.1,2.3612471127600134,8.398148148148149,0.9142857142857143,-0.12071005917159763,8.398148148148149
2026-03-09 00:02:12,yaw_0_plexi,roll_pitch,90,plexi,5,torque_x,0.5927682276229994,-1.7410839651783208,3.2,3.6909006415074868,8.351851851851851,2.6785714285714284,-0.17514792899408285,8.351851851851851
2026-03-09 00:02:12,yaw_0_plexi,roll_pitch,90,plexi,6,torque_x,0.4742145820983995,-1.7410839651783208,3.4,3.849188595493318,8.324074074074074,2.5785714285714287,-0.15857988165680473,8.324074074074074
2026-03-09 00:02:12,yaw_0_plexi,roll_pitch,90,plexi,7,torque_x,-0.41493775933609955,-0.5897219882055602,-0.1,0.7279734662032551,7.814814814814815,1.0357142857142858,-0.0863905325443787,7.814814814814815
2026-03-09 00:02:12,yaw_0_plexi,roll_pitch,90,plexi,8,torque_x,-0.5334914048606995,-0.8424599831508004,1.7,1.9708759225965213,7.768518518518518,0.5642857142857143,-0.1242603550295858,7.768518518518518
2026-03-09 00:02:12,yaw_0_plexi,roll_pitch,90,plexi,9,torque_x,-0.41493775933609955,-0.6739679865206403,0.2,0.8163370572120004,7.62962962962963,1.0357142857142858,-0.08047337278106509,7.62962962962963
2026-03-09 00:02:12,yaw_0_plexi,roll_pitch,90,plexi,10,torque_x,0.20746887966804978,-1.4040999719180005,2.4,2.788286224039929,7.62037037037037,1.6285714285714286,-0.16449704142011834,7.62037037037037
2026-03-09 00:06:53,yaw_0_plexi,roll_pitch,0,plexi,1,torque_x|torque_y,-0.05927682276229994,0.7582139848357203,-0.6,0.9687116126676995,9.574074074074074,0.0,0.07692307692307693,9.574074074074074
2026-03-09 00:06:53,yaw_0_plexi,roll_pitch,0,plexi,2,torque_x|torque_y,-0.5927682276229994,0.02808199943836001,-1.0,1.162825339581043,8.675925925925926,-0.9642857142857143,-0.06035502958579882,8.675925925925926
2026-03-09 00:06:53,yaw_0_plexi,roll_pitch,0,plexi,3,torque_x|torque_y,-0.26674570243034973,0.8986239820275204,-1.4,1.6848377758229596,8.435185185185185,-0.9428571428571428,-0.11124260355029586,8.435185185185185
2026-03-09 00:06:53,yaw_0_plexi,roll_pitch,0,plexi,4,torque_x|torque_y,-0.02963841138114997,0.9267059814658803,-2.4,2.5728704614717466,8.36111111111111,0.32142857142857145,-0.06153846153846154,8.36111111111111
2026-03-09 00:06:53,yaw_0_plexi,roll_pitch,0,plexi,5,torque_x|torque_y,-0.0889152341434499,1.2636899747262005,-2.1,2.452512644429441,8.231481481481481,-0.5142857142857142,-0.07100591715976332,8.231481481481481
2026-03-09 00:06:53,yaw_0_plexi,roll_pitch,0,plexi,6,torque_x|torque_y,-0.41493775933609955,0.19657399606852008,-2.0,2.052026968646662,8.101851851851851,-0.8,-0.05798816568047337,8.101851851851851
2026-03-09 00:06:53,yaw_0_plexi,roll_pitch,0,plexi,7,torque_x|torque_y,-0.6520450503852994,0.2246559955068801,-3.8,3.8620762633652324,8.092592592592593,-0.6571428571428571,0.014201183431952662,8.092592592592593
2026-03-09 00:06:53,yaw_0_plexi,roll_pitch,0,plexi,8,torque_x|torque_y,-0.02963841138114997,1.2075259758494805,-4.2,4.370239972562198,8.074074074074074,-0.35714285714285715,-0.11952662721893491,8.074074074074074
2026-03-09 00:06:53,yaw_0_plexi,roll_pitch,0,plexi,9,torque_x|torque_y,-0.1778304682868998,1.2917719741645606,-2.1,2.471901799968628,7.861111111111111,-0.6642857142857143,-0.12781065088757396,7.861111111111111
2026-03-09 00:06:53,yaw_0_plexi,roll_pitch,0,plexi,10,torque_x|torque_y,-0.20746887966804978,1.2075259758494805,-2.4,2.694654396834955,7.694444444444445,-0.9714285714285714,-0.10177514792899409,7.694444444444445
